# This file uses centimeters as units for non-parametric coordinates.

mtllib Wristband.mtl
g default
v -0.480089 2.155351 0.788875
v -0.479756 1.985283 0.883856
v -0.480894 2.170897 0.834285
v -0.480092 1.991776 0.902824
v -0.481642 2.173837 0.884519
v -0.480404 1.993005 0.923805
v -0.482303 2.164052 0.937517
v -0.480681 1.988918 0.945942
v -0.482849 2.141942 0.991109
v -0.480909 1.979683 0.968326
v -0.483260 2.108414 1.043096
v -0.481080 1.965678 0.990041
v -0.483517 2.064841 1.091351
v -0.481188 1.947479 1.010196
v -0.483609 2.013009 1.133894
v -0.481226 1.925829 1.027965
v -0.483535 1.955041 1.168983
v -0.481195 1.901617 1.042621
v -0.483295 1.893315 1.195179
v -0.481095 1.875835 1.053563
v -0.482901 1.830358 1.211409
v -0.480930 1.849539 1.060342
v -0.482368 1.768751 1.217009
v -0.480708 1.823807 1.062681
v -0.481718 1.711018 1.211748
v -0.480437 1.799693 1.060484
v -0.480978 1.659526 1.195842
v -0.480127 1.778185 1.053840
v -0.480179 1.616384 1.169943
v -0.479793 1.760165 1.043023
v -0.479352 1.583360 1.135113
v -0.479448 1.746372 1.028474
v 0.453840 1.592646 1.148465
v 0.453744 1.755658 1.041827
v 0.453013 1.625670 1.183295
v 0.453398 1.769451 1.056375
v 0.452213 1.668812 1.209194
v 0.453064 1.787471 1.067192
v 0.451473 1.720304 1.225100
v 0.452755 1.808978 1.073836
v 0.450823 1.778037 1.230361
v 0.452484 1.833092 1.076033
v 0.450291 1.839644 1.224761
v 0.452261 1.858825 1.073694
v 0.449896 1.902600 1.208531
v 0.452096 1.885121 1.066915
v 0.449657 1.964327 1.182335
v 0.451996 1.910903 1.055973
v 0.449582 2.022294 1.147246
v 0.451965 1.935115 1.041317
v 0.449675 2.074126 1.104703
v 0.452004 1.956764 1.023548
v 0.449932 2.117699 1.056449
v 0.452111 1.974964 1.003393
v 0.450342 2.151228 1.004461
v 0.452283 1.988968 0.981678
v 0.450889 2.173338 0.950870
v 0.452511 1.998203 0.959294
v 0.451550 2.183123 0.897871
v 0.452787 2.002290 0.937158
v 0.452298 2.180182 0.847638
v 0.453100 2.001062 0.916176
v 0.453102 2.164637 0.802227
v 0.453436 1.994569 0.897209
vt 0.375000 0.000000
vt 0.625000 0.000000
vt 0.375000 0.016667
vt 0.625000 0.016667
vt 0.375000 0.033333
vt 0.625000 0.033333
vt 0.375000 0.050000
vt 0.625000 0.050000
vt 0.375000 0.066667
vt 0.625000 0.066667
vt 0.375000 0.083333
vt 0.625000 0.083333
vt 0.375000 0.100000
vt 0.625000 0.100000
vt 0.375000 0.116667
vt 0.625000 0.116667
vt 0.375000 0.133333
vt 0.625000 0.133333
vt 0.375000 0.150000
vt 0.625000 0.150000
vt 0.375000 0.166667
vt 0.625000 0.166667
vt 0.375000 0.183333
vt 0.625000 0.183333
vt 0.375000 0.200000
vt 0.625000 0.200000
vt 0.375000 0.216667
vt 0.625000 0.216667
vt 0.375000 0.233333
vt 0.625000 0.233333
vt 0.375000 0.250000
vt 0.625000 0.250000
vt 0.375000 0.500000
vt 0.625000 0.500000
vt 0.375000 0.516667
vt 0.625000 0.516667
vt 0.375000 0.533333
vt 0.625000 0.533333
vt 0.375000 0.550000
vt 0.625000 0.550000
vt 0.375000 0.566667
vt 0.625000 0.566667
vt 0.375000 0.583333
vt 0.625000 0.583333
vt 0.375000 0.600000
vt 0.625000 0.600000
vt 0.375000 0.616667
vt 0.625000 0.616667
vt 0.375000 0.633333
vt 0.625000 0.633333
vt 0.375000 0.650000
vt 0.625000 0.650000
vt 0.375000 0.666667
vt 0.625000 0.666667
vt 0.375000 0.683333
vt 0.625000 0.683333
vt 0.375000 0.700000
vt 0.625000 0.700000
vt 0.375000 0.716666
vt 0.625000 0.716666
vt 0.375000 0.733333
vt 0.625000 0.733333
vt 0.375000 0.750000
vt 0.625000 0.750000
vt 0.375000 1.000000
vt 0.625000 1.000000
vt 0.875000 0.000000
vt 0.875000 0.016667
vt 0.875000 0.033333
vt 0.875000 0.050000
vt 0.875000 0.066667
vt 0.875000 0.083333
vt 0.875000 0.100000
vt 0.875000 0.116667
vt 0.875000 0.133333
vt 0.875000 0.150000
vt 0.875000 0.166667
vt 0.875000 0.183333
vt 0.875000 0.200000
vt 0.875000 0.216667
vt 0.875000 0.233333
vt 0.875000 0.250000
vt 0.125000 0.000000
vt 0.125000 0.016667
vt 0.125000 0.033333
vt 0.125000 0.050000
vt 0.125000 0.066667
vt 0.125000 0.083333
vt 0.125000 0.100000
vt 0.125000 0.116667
vt 0.125000 0.133333
vt 0.125000 0.150000
vt 0.125000 0.166667
vt 0.125000 0.183333
vt 0.125000 0.200000
vt 0.125000 0.216667
vt 0.125000 0.233333
vt 0.125000 0.250000
vn -0.999848 -0.009949 -0.014306
vn -0.999848 -0.009949 -0.014306
vn -0.999848 -0.009949 -0.014306
vn -0.999848 -0.009949 -0.014306
vn -0.999848 -0.009949 -0.014306
vn -0.999848 -0.009949 -0.014306
vn -0.999848 -0.009949 -0.014306
vn -0.999848 -0.009949 -0.014306
vn -0.999848 -0.009949 -0.014306
vn -0.999848 -0.009949 -0.014306
vn -0.999848 -0.009949 -0.014306
vn -0.999848 -0.009949 -0.014306
vn -0.999848 -0.009949 -0.014306
vn -0.999848 -0.009949 -0.014306
vn -0.999848 -0.009949 -0.014306
vn -0.999848 -0.009949 -0.014306
vn -0.999848 -0.009949 -0.014306
vn -0.999848 -0.009949 -0.014306
vn -0.999848 -0.009949 -0.014306
vn -0.999848 -0.009949 -0.014306
vn -0.999848 -0.009949 -0.014306
vn -0.999848 -0.009949 -0.014306
vn -0.999848 -0.009949 -0.014306
vn -0.999848 -0.009949 -0.014306
vn -0.999848 -0.009949 -0.014306
vn -0.999848 -0.009949 -0.014306
vn -0.999848 -0.009949 -0.014306
vn -0.999848 -0.009949 -0.014306
vn -0.999848 -0.009949 -0.014305
vn -0.999848 -0.009949 -0.014306
vn -0.999848 -0.009948 -0.014305
vn -0.999848 -0.009948 -0.014305
vn 0.017418 -0.547352 -0.836721
vn 0.017418 -0.547352 -0.836721
vn 0.017418 -0.547352 -0.836721
vn 0.017418 -0.547352 -0.836721
vn 0.999848 0.009949 0.014306
vn 0.999848 0.009949 0.014306
vn 0.999848 0.009949 0.014306
vn 0.999848 0.009949 0.014306
vn 0.999848 0.009949 0.014306
vn 0.999848 0.009949 0.014305
vn 0.999848 0.009949 0.014305
vn 0.999848 0.009949 0.014306
vn 0.999848 0.009949 0.014306
vn 0.999848 0.009949 0.014306
vn 0.999848 0.009949 0.014306
vn 0.999848 0.009949 0.014306
vn 0.999848 0.009949 0.014306
vn 0.999848 0.009949 0.014306
vn 0.999848 0.009949 0.014306
vn 0.999848 0.009949 0.014306
vn 0.999848 0.009949 0.014306
vn 0.999848 0.009949 0.014306
vn 0.999848 0.009949 0.014306
vn 0.999848 0.009949 0.014306
vn 0.999848 0.009949 0.014306
vn 0.999848 0.009949 0.014306
vn 0.999848 0.009949 0.014306
vn 0.999848 0.009949 0.014306
vn 0.999848 0.009949 0.014306
vn 0.999848 0.009949 0.014306
vn 0.999848 0.009949 0.014305
vn 0.999848 0.009949 0.014306
vn 0.999848 0.009950 0.014307
vn 0.999848 0.009949 0.014306
vn 0.999848 0.009950 0.014307
vn 0.999848 0.009950 0.014307
vn 0.017341 -0.487501 -0.872950
vn 0.017341 -0.487501 -0.872950
vn 0.017341 -0.487501 -0.872950
vn 0.017341 -0.487501 -0.872950
vn 0.004779 -0.946060 0.323955
vn 0.004779 -0.946060 0.323955
vn 0.007053 -0.981783 0.189874
vn 0.007053 -0.981783 0.189874
vn 0.010873 -0.997760 -0.066007
vn 0.010873 -0.997760 -0.066007
vn 0.013632 -0.957982 -0.286504
vn 0.013632 -0.957982 -0.286504
vn 0.015471 -0.884627 -0.466042
vn 0.015471 -0.884627 -0.466042
vn 0.016608 -0.792598 -0.609518
vn 0.016608 -0.792598 -0.609518
vn 0.017222 -0.689329 -0.724244
vn 0.017222 -0.689329 -0.724244
vn 0.017425 -0.577225 -0.816399
vn 0.017425 -0.577225 -0.816399
vn 0.017268 -0.455645 -0.889994
vn 0.017268 -0.455645 -0.889994
vn 0.016748 -0.322015 -0.946586
vn 0.016748 -0.322015 -0.946586
vn 0.015808 -0.172485 -0.984885
vn 0.015808 -0.172485 -0.984885
vn 0.014333 -0.002695 -0.999894
vn 0.014333 -0.002695 -0.999894
vn 0.012151 0.190385 -0.981634
vn 0.012151 0.190385 -0.981634
vn 0.009065 0.404185 -0.914632
vn 0.009065 0.404185 -0.914633
vn 0.004982 0.623479 -0.781824
vn 0.004982 0.623479 -0.781824
vn 0.002623 0.725706 -0.688000
vn 0.002623 0.725706 -0.688000
vn -0.004779 0.946060 -0.323955
vn -0.004779 0.946060 -0.323955
vn -0.007053 0.981783 -0.189874
vn -0.007053 0.981783 -0.189874
vn -0.010873 0.997760 0.066007
vn -0.010873 0.997760 0.066007
vn -0.013632 0.957982 0.286504
vn -0.013632 0.957982 0.286504
vn -0.015471 0.884627 0.466042
vn -0.015471 0.884627 0.466042
vn -0.016608 0.792598 0.609518
vn -0.016608 0.792598 0.609518
vn -0.017222 0.689329 0.724244
vn -0.017222 0.689329 0.724244
vn -0.017425 0.577225 0.816399
vn -0.017425 0.577225 0.816399
vn -0.017268 0.455645 0.889994
vn -0.017268 0.455645 0.889994
vn -0.016748 0.322015 0.946586
vn -0.016748 0.322015 0.946586
vn -0.015808 0.172485 0.984885
vn -0.015808 0.172485 0.984885
vn -0.014333 0.002695 0.999894
vn -0.014333 0.002695 0.999894
vn -0.012151 -0.190385 0.981634
vn -0.012151 -0.190385 0.981634
vn -0.009065 -0.404185 0.914632
vn -0.009065 -0.404185 0.914632
vn -0.004982 -0.623479 0.781824
vn -0.004982 -0.623479 0.781824
vn -0.002623 -0.725707 0.687999
vn -0.002623 -0.725707 0.687999
s 1
g pCube1 Sides
usemtl initialShadingGroup
f 1/1/1 2/2/2 4/4/3 3/3/4
f 3/3/4 4/4/3 6/6/5 5/5/6
f 5/5/6 6/6/5 8/8/7 7/7/8
f 7/7/8 8/8/7 10/10/9 9/9/10
f 9/9/10 10/10/9 12/12/11 11/11/12
f 11/11/12 12/12/11 14/14/13 13/13/14
f 13/13/14 14/14/13 16/16/15 15/15/16
f 15/15/16 16/16/15 18/18/17 17/17/18
f 17/17/18 18/18/17 20/20/19 19/19/20
f 19/19/20 20/20/19 22/22/21 21/21/22
f 21/21/22 22/22/21 24/24/23 23/23/24
f 23/23/24 24/24/23 26/26/25 25/25/26
f 25/25/26 26/26/25 28/28/27 27/27/28
f 27/27/28 28/28/27 30/30/29 29/29/30
f 29/29/30 30/30/29 32/32/31 31/31/32
s off
f 31/31/33 32/32/34 34/34/35 33/33/36
s 2
f 33/33/37 34/34/38 36/36/39 35/35/40
f 35/35/40 36/36/39 38/38/41 37/37/42
f 37/37/42 38/38/41 40/40/43 39/39/44
f 39/39/44 40/40/43 42/42/45 41/41/46
f 41/41/46 42/42/45 44/44/47 43/43/48
f 43/43/48 44/44/47 46/46/49 45/45/50
f 45/45/50 46/46/49 48/48/51 47/47/52
f 47/47/52 48/48/51 50/50/53 49/49/54
f 49/49/54 50/50/53 52/52/55 51/51/56
f 51/51/56 52/52/55 54/54/57 53/53/58
f 53/53/58 54/54/57 56/56/59 55/55/60
f 55/55/60 56/56/59 58/58/61 57/57/62
f 57/57/62 58/58/61 60/60/63 59/59/64
f 59/59/64 60/60/63 62/62/65 61/61/66
f 61/61/66 62/62/65 64/64/67 63/63/68
s off
f 63/63/69 64/64/70 2/66/71 1/65/72
s 3
f 2/2/73 64/67/74 62/68/75 4/4/76
f 4/4/76 62/68/75 60/69/77 6/6/78
f 6/6/78 60/69/77 58/70/79 8/8/80
f 8/8/80 58/70/79 56/71/81 10/10/82
f 10/10/82 56/71/81 54/72/83 12/12/84
f 12/12/84 54/72/83 52/73/85 14/14/86
f 14/14/86 52/73/85 50/74/87 16/16/88
f 16/16/88 50/74/87 48/75/89 18/18/90
f 18/18/90 48/75/89 46/76/91 20/20/92
f 20/20/92 46/76/91 44/77/93 22/22/94
f 22/22/94 44/77/93 42/78/95 24/24/96
f 24/24/96 42/78/95 40/79/97 26/26/98
f 26/26/98 40/79/97 38/80/99 28/28/100
f 28/28/100 38/80/99 36/81/101 30/30/102
f 30/30/102 36/81/101 34/82/103 32/32/104
s 4
f 63/83/105 1/1/106 3/3/107 61/84/108
f 61/84/108 3/3/107 5/5/109 59/85/110
f 59/85/110 5/5/109 7/7/111 57/86/112
f 57/86/112 7/7/111 9/9/113 55/87/114
f 55/87/114 9/9/113 11/11/115 53/88/116
f 53/88/116 11/11/115 13/13/117 51/89/118
f 51/89/118 13/13/117 15/15/119 49/90/120
f 49/90/120 15/15/119 17/17/121 47/91/122
f 47/91/122 17/17/121 19/19/123 45/92/124
f 45/92/124 19/19/123 21/21/125 43/93/126
f 43/93/126 21/21/125 23/23/127 41/94/128
f 41/94/128 23/23/127 25/25/129 39/95/130
f 39/95/130 25/25/129 27/27/131 37/96/132
f 37/96/132 27/27/131 29/29/133 35/97/134
f 35/97/134 29/29/133 31/31/135 33/98/136
g default
v -0.473084 2.376873 0.400751
v -0.474191 2.261964 0.558038
v -0.473911 2.409955 0.435525
v -0.474537 2.275782 0.572563
v -0.474782 2.433596 0.479944
v -0.474900 2.285656 0.591116
v -0.475661 2.446825 0.532186
v -0.475268 2.291182 0.612936
v -0.476512 2.449102 0.590110
v -0.475623 2.292133 0.637130
v -0.477301 2.440332 0.651344
v -0.475953 2.288470 0.662707
v -0.477995 2.420875 0.713377
v -0.476243 2.280343 0.688617
v -0.478566 2.391529 0.773667
v -0.476481 2.268085 0.713799
v -0.478990 2.353495 0.829745
v -0.476658 2.252199 0.737222
v -0.479250 2.308334 0.879311
v -0.476767 2.233336 0.757925
v -0.479335 2.257894 0.920336
v -0.476802 2.212268 0.775060
v -0.479242 2.204244 0.951137
v -0.476763 2.189859 0.787925
v -0.478974 2.149581 0.970452
v -0.476651 2.167028 0.795993
v -0.478543 2.096146 0.977490
v -0.476471 2.144709 0.798933
v -0.477966 2.046129 0.971963
v -0.476231 2.123817 0.796624
v -0.477267 2.001578 0.954096
v -0.475939 2.105209 0.789162
v 0.455924 2.010864 0.967449
v 0.457253 2.114495 0.802514
v 0.455225 2.055414 0.985315
v 0.456961 2.133103 0.809976
v 0.454649 2.105432 0.990842
v 0.456720 2.153994 0.812285
v 0.454218 2.158867 0.983804
v 0.456540 2.176313 0.809345
v 0.453950 2.213529 0.964489
v 0.456428 2.199145 0.801278
v 0.453857 2.267180 0.933688
v 0.456390 2.221554 0.788413
v 0.453942 2.317619 0.892664
v 0.456425 2.242622 0.771277
v 0.454202 2.362781 0.843097
v 0.456534 2.261485 0.750574
v 0.454626 2.400814 0.787019
v 0.456711 2.277371 0.727151
v 0.455196 2.430161 0.726729
v 0.456949 2.289629 0.701969
v 0.455890 2.449618 0.664696
v 0.457239 2.297755 0.676059
v 0.456679 2.458387 0.603462
v 0.457568 2.301418 0.650483
v 0.457531 2.456111 0.545538
v 0.457924 2.300468 0.626288
v 0.458410 2.442881 0.493296
v 0.458291 2.294942 0.604468
v 0.459280 2.419241 0.448878
v 0.458655 2.285068 0.585915
v 0.460107 2.386158 0.414103
v 0.459000 2.271250 0.571390
vt 0.375000 0.000000
vt 0.625000 0.000000
vt 0.375000 0.016667
vt 0.625000 0.016667
vt 0.375000 0.033333
vt 0.625000 0.033333
vt 0.375000 0.050000
vt 0.625000 0.050000
vt 0.375000 0.066667
vt 0.625000 0.066667
vt 0.375000 0.083333
vt 0.625000 0.083333
vt 0.375000 0.100000
vt 0.625000 0.100000
vt 0.375000 0.116667
vt 0.625000 0.116667
vt 0.375000 0.133333
vt 0.625000 0.133333
vt 0.375000 0.150000
vt 0.625000 0.150000
vt 0.375000 0.166667
vt 0.625000 0.166667
vt 0.375000 0.183333
vt 0.625000 0.183333
vt 0.375000 0.200000
vt 0.625000 0.200000
vt 0.375000 0.216667
vt 0.625000 0.216667
vt 0.375000 0.233333
vt 0.625000 0.233333
vt 0.375000 0.250000
vt 0.625000 0.250000
vt 0.375000 0.500000
vt 0.625000 0.500000
vt 0.375000 0.516667
vt 0.625000 0.516667
vt 0.375000 0.533333
vt 0.625000 0.533333
vt 0.375000 0.550000
vt 0.625000 0.550000
vt 0.375000 0.566667
vt 0.625000 0.566667
vt 0.375000 0.583333
vt 0.625000 0.583333
vt 0.375000 0.600000
vt 0.625000 0.600000
vt 0.375000 0.616667
vt 0.625000 0.616667
vt 0.375000 0.633333
vt 0.625000 0.633333
vt 0.375000 0.650000
vt 0.625000 0.650000
vt 0.375000 0.666667
vt 0.625000 0.666667
vt 0.375000 0.683333
vt 0.625000 0.683333
vt 0.375000 0.700000
vt 0.625000 0.700000
vt 0.375000 0.716666
vt 0.625000 0.716666
vt 0.375000 0.733333
vt 0.625000 0.733333
vt 0.375000 0.750000
vt 0.625000 0.750000
vt 0.375000 1.000000
vt 0.625000 1.000000
vt 0.875000 0.000000
vt 0.875000 0.016667
vt 0.875000 0.033333
vt 0.875000 0.050000
vt 0.875000 0.066667
vt 0.875000 0.083333
vt 0.875000 0.100000
vt 0.875000 0.116667
vt 0.875000 0.133333
vt 0.875000 0.150000
vt 0.875000 0.166667
vt 0.875000 0.183333
vt 0.875000 0.200000
vt 0.875000 0.216667
vt 0.875000 0.233333
vt 0.875000 0.250000
vt 0.125000 0.000000
vt 0.125000 0.016667
vt 0.125000 0.033333
vt 0.125000 0.050000
vt 0.125000 0.066667
vt 0.125000 0.083333
vt 0.125000 0.100000
vt 0.125000 0.116667
vt 0.125000 0.133333
vt 0.125000 0.150000
vt 0.125000 0.166667
vt 0.125000 0.183333
vt 0.125000 0.200000
vt 0.125000 0.216667
vt 0.125000 0.233333
vt 0.125000 0.250000
vn -0.999848 -0.009949 -0.014306
vn -0.999848 -0.009949 -0.014306
vn -0.999848 -0.009949 -0.014306
vn -0.999848 -0.009949 -0.014306
vn -0.999848 -0.009949 -0.014306
vn -0.999848 -0.009950 -0.014306
vn -0.999848 -0.009950 -0.014306
vn -0.999848 -0.009949 -0.014306
vn -0.999848 -0.009949 -0.014306
vn -0.999848 -0.009949 -0.014306
vn -0.999848 -0.009949 -0.014306
vn -0.999848 -0.009949 -0.014306
vn -0.999848 -0.009949 -0.014306
vn -0.999848 -0.009949 -0.014306
vn -0.999848 -0.009949 -0.014306
vn -0.999848 -0.009949 -0.014306
vn -0.999848 -0.009949 -0.014306
vn -0.999848 -0.009949 -0.014306
vn -0.999848 -0.009949 -0.014306
vn -0.999848 -0.009949 -0.014306
vn -0.999848 -0.009949 -0.014306
vn -0.999848 -0.009949 -0.014306
vn -0.999848 -0.009949 -0.014306
vn -0.999848 -0.009949 -0.014306
vn -0.999848 -0.009949 -0.014306
vn -0.999848 -0.009949 -0.014306
vn -0.999848 -0.009950 -0.014306
vn -0.999848 -0.009949 -0.014306
vn -0.999848 -0.009948 -0.014305
vn -0.999848 -0.009949 -0.014306
vn -0.999848 -0.009948 -0.014305
vn -0.999848 -0.009948 -0.014305
vn 0.016035 -0.846684 -0.531855
vn 0.016035 -0.846684 -0.531855
vn 0.016035 -0.846684 -0.531855
vn 0.016035 -0.846684 -0.531855
vn 0.999848 0.009949 0.014306
vn 0.999848 0.009949 0.014306
vn 0.999848 0.009949 0.014306
vn 0.999848 0.009949 0.014306
vn 0.999848 0.009949 0.014306
vn 0.999848 0.009949 0.014306
vn 0.999848 0.009949 0.014306
vn 0.999848 0.009949 0.014306
vn 0.999848 0.009949 0.014306
vn 0.999848 0.009949 0.014306
vn 0.999848 0.009949 0.014306
vn 0.999848 0.009949 0.014306
vn 0.999848 0.009949 0.014306
vn 0.999848 0.009949 0.014306
vn 0.999848 0.009949 0.014306
vn 0.999848 0.009949 0.014306
vn 0.999848 0.009949 0.014306
vn 0.999848 0.009949 0.014306
vn 0.999848 0.009949 0.014306
vn 0.999848 0.009949 0.014306
vn 0.999848 0.009949 0.014306
vn 0.999848 0.009949 0.014306
vn 0.999848 0.009949 0.014306
vn 0.999848 0.009949 0.014306
vn 0.999848 0.009949 0.014306
vn 0.999848 0.009949 0.014306
vn 0.999848 0.009949 0.014306
vn 0.999848 0.009949 0.014306
vn 0.999848 0.009950 0.014306
vn 0.999848 0.009949 0.014306
vn 0.999848 0.009950 0.014307
vn 0.999848 0.009950 0.014307
vn 0.016472 -0.807415 -0.589754
vn 0.016472 -0.807415 -0.589754
vn 0.016472 -0.807415 -0.589754
vn 0.016472 -0.807415 -0.589754
vn -0.002652 -0.724545 0.689223
vn -0.002652 -0.724545 0.689223
vn -0.000242 -0.812976 0.582297
vn -0.000242 -0.812976 0.582297
vn 0.004197 -0.934303 0.356454
vn 0.004197 -0.934303 0.356455
vn 0.007857 -0.990192 0.139494
vn 0.007857 -0.990192 0.139494
vn 0.010712 -0.998469 -0.054262
vn 0.010712 -0.998469 -0.054262
vn 0.012890 -0.974723 -0.223045
vn 0.012890 -0.974723 -0.223045
vn 0.014541 -0.928761 -0.370394
vn 0.014541 -0.928761 -0.370394
vn 0.015778 -0.865349 -0.500921
vn 0.015778 -0.865349 -0.500921
vn 0.016667 -0.785578 -0.618538
vn 0.016667 -0.785578 -0.618538
vn 0.017227 -0.687760 -0.725734
vn 0.017227 -0.687760 -0.725734
vn 0.017425 -0.567855 -0.822944
vn 0.017425 -0.567855 -0.822944
vn 0.017161 -0.419816 -0.907447
vn 0.017161 -0.419816 -0.907447
vn 0.016255 -0.236726 -0.971440
vn 0.016255 -0.236726 -0.971440
vn 0.014449 -0.014461 -0.999791
vn 0.014449 -0.014461 -0.999791
vn 0.011497 0.240267 -0.970639
vn 0.011497 0.240267 -0.970639
vn 0.009574 0.372333 -0.928050
vn 0.009574 0.372333 -0.928050
vn 0.002652 0.724545 -0.689223
vn 0.002652 0.724545 -0.689223
vn 0.000242 0.812976 -0.582297
vn 0.000242 0.812976 -0.582297
vn -0.004197 0.934303 -0.356455
vn -0.004197 0.934303 -0.356454
vn -0.007857 0.990192 -0.139494
vn -0.007857 0.990192 -0.139494
vn -0.010712 0.998469 0.054262
vn -0.010712 0.998469 0.054262
vn -0.012890 0.974723 0.223045
vn -0.012890 0.974723 0.223045
vn -0.014541 0.928761 0.370394
vn -0.014541 0.928761 0.370394
vn -0.015778 0.865349 0.500921
vn -0.015778 0.865349 0.500921
vn -0.016667 0.785578 0.618538
vn -0.016667 0.785578 0.618538
vn -0.017227 0.687760 0.725734
vn -0.017227 0.687760 0.725734
vn -0.017425 0.567855 0.822944
vn -0.017425 0.567855 0.822944
vn -0.017161 0.419816 0.907447
vn -0.017161 0.419816 0.907447
vn -0.016255 0.236726 0.971440
vn -0.016255 0.236726 0.971440
vn -0.014449 0.014461 0.999791
vn -0.014449 0.014461 0.999791
vn -0.011497 -0.240267 0.970639
vn -0.011497 -0.240267 0.970639
vn -0.009574 -0.372334 0.928050
vn -0.009574 -0.372334 0.928050
s 1
g Sides pCube2
usemtl initialShadingGroup
f 65/99/137 66/100/138 68/102/139 67/101/140
f 67/101/140 68/102/139 70/104/141 69/103/142
f 69/103/142 70/104/141 72/106/143 71/105/144
f 71/105/144 72/106/143 74/108/145 73/107/146
f 73/107/146 74/108/145 76/110/147 75/109/148
f 75/109/148 76/110/147 78/112/149 77/111/150
f 77/111/150 78/112/149 80/114/151 79/113/152
f 79/113/152 80/114/151 82/116/153 81/115/154
f 81/115/154 82/116/153 84/118/155 83/117/156
f 83/117/156 84/118/155 86/120/157 85/119/158
f 85/119/158 86/120/157 88/122/159 87/121/160
f 87/121/160 88/122/159 90/124/161 89/123/162
f 89/123/162 90/124/161 92/126/163 91/125/164
f 91/125/164 92/126/163 94/128/165 93/127/166
f 93/127/166 94/128/165 96/130/167 95/129/168
s off
f 95/129/169 96/130/170 98/132/171 97/131/172
s 2
f 97/131/173 98/132/174 100/134/175 99/133/176
f 99/133/176 100/134/175 102/136/177 101/135/178
f 101/135/178 102/136/177 104/138/179 103/137/180
f 103/137/180 104/138/179 106/140/181 105/139/182
f 105/139/182 106/140/181 108/142/183 107/141/184
f 107/141/184 108/142/183 110/144/185 109/143/186
f 109/143/186 110/144/185 112/146/187 111/145/188
f 111/145/188 112/146/187 114/148/189 113/147/190
f 113/147/190 114/148/189 116/150/191 115/149/192
f 115/149/192 116/150/191 118/152/193 117/151/194
f 117/151/194 118/152/193 120/154/195 119/153/196
f 119/153/196 120/154/195 122/156/197 121/155/198
f 121/155/198 122/156/197 124/158/199 123/157/200
f 123/157/200 124/158/199 126/160/201 125/159/202
f 125/159/202 126/160/201 128/162/203 127/161/204
s off
f 127/161/205 128/162/206 66/164/207 65/163/208
s 3
f 66/100/209 128/165/210 126/166/211 68/102/212
f 68/102/212 126/166/211 124/167/213 70/104/214
f 70/104/214 124/167/213 122/168/215 72/106/216
f 72/106/216 122/168/215 120/169/217 74/108/218
f 74/108/218 120/169/217 118/170/219 76/110/220
f 76/110/220 118/170/219 116/171/221 78/112/222
f 78/112/222 116/171/221 114/172/223 80/114/224
f 80/114/224 114/172/223 112/173/225 82/116/226
f 82/116/226 112/173/225 110/174/227 84/118/228
f 84/118/228 110/174/227 108/175/229 86/120/230
f 86/120/230 108/175/229 106/176/231 88/122/232
f 88/122/232 106/176/231 104/177/233 90/124/234
f 90/124/234 104/177/233 102/178/235 92/126/236
f 92/126/236 102/178/235 100/179/237 94/128/238
f 94/128/238 100/179/237 98/180/239 96/130/240
s 4
f 127/181/241 65/99/242 67/101/243 125/182/244
f 125/182/244 67/101/243 69/103/245 123/183/246
f 123/183/246 69/103/245 71/105/247 121/184/248
f 121/184/248 71/105/247 73/107/249 119/185/250
f 119/185/250 73/107/249 75/109/251 117/186/252
f 117/186/252 75/109/251 77/111/253 115/187/254
f 115/187/254 77/111/253 79/113/255 113/188/256
f 113/188/256 79/113/255 81/115/257 111/189/258
f 111/189/258 81/115/257 83/117/259 109/190/260
f 109/190/260 83/117/259 85/119/261 107/191/262
f 107/191/262 85/119/261 87/121/263 105/192/264
f 105/192/264 87/121/263 89/123/265 103/193/266
f 103/193/266 89/123/265 91/125/267 101/194/268
f 101/194/268 91/125/267 93/127/269 99/195/270
f 99/195/270 93/127/269 95/129/271 97/196/272
g default
v -0.465072 2.472489 -0.076338
v -0.467144 2.413707 0.109364
v -0.465815 2.514932 -0.053923
v -0.467455 2.431435 0.118726
v -0.466674 2.551500 -0.019359
v -0.467813 2.446709 0.133163
v -0.467612 2.580693 0.025939
v -0.468205 2.458903 0.152083
v -0.468592 2.601316 0.080114
v -0.468615 2.467516 0.174711
v -0.469574 2.612522 0.140945
v -0.469025 2.472197 0.200119
v -0.470518 2.613854 0.205941
v -0.469419 2.472753 0.227267
v -0.471383 2.605256 0.272438
v -0.469780 2.469162 0.255042
v -0.472137 2.587081 0.337711
v -0.470095 2.461571 0.282305
v -0.472746 2.560073 0.399084
v -0.470349 2.450290 0.307940
v -0.473187 2.525340 0.454044
v -0.470534 2.435782 0.330896
v -0.473441 2.484304 0.500337
v -0.470640 2.418642 0.350232
v -0.473498 2.438647 0.536067
v -0.470663 2.399572 0.365155
v -0.473355 2.390241 0.559769
v -0.470604 2.379354 0.375056
v -0.473019 2.341068 0.570473
v -0.470463 2.358815 0.379526
v -0.472503 2.293145 0.567739
v -0.470248 2.338798 0.378384
v 0.460689 2.302431 0.581091
v 0.462944 2.348084 0.391737
v 0.460173 2.350354 0.583825
v 0.462728 2.368101 0.392878
v 0.459837 2.399527 0.573122
v 0.462588 2.388640 0.388408
v 0.459694 2.447933 0.549419
v 0.462528 2.408858 0.378508
v 0.459751 2.493590 0.513689
v 0.462552 2.427928 0.363584
v 0.460005 2.534626 0.467396
v 0.462658 2.445068 0.344248
v 0.460446 2.569359 0.412437
v 0.462842 2.459576 0.321292
v 0.461055 2.596367 0.351063
v 0.463097 2.470856 0.295657
v 0.461808 2.614542 0.285790
v 0.463411 2.478448 0.268394
v 0.462674 2.623140 0.219294
v 0.463773 2.482039 0.240619
v 0.463617 2.621808 0.154298
v 0.464167 2.481483 0.213472
v 0.464599 2.610602 0.093466
v 0.464577 2.476802 0.188063
v 0.465579 2.589979 0.039291
v 0.464986 2.468188 0.165435
v 0.466518 2.560786 -0.006007
v 0.465379 2.455995 0.146515
v 0.467376 2.524218 -0.040571
v 0.465737 2.440721 0.132078
v 0.468120 2.481775 -0.062986
v 0.466047 2.422993 0.122716
vt 0.375000 0.000000
vt 0.625000 0.000000
vt 0.375000 0.016667
vt 0.625000 0.016667
vt 0.375000 0.033333
vt 0.625000 0.033333
vt 0.375000 0.050000
vt 0.625000 0.050000
vt 0.375000 0.066667
vt 0.625000 0.066667
vt 0.375000 0.083333
vt 0.625000 0.083333
vt 0.375000 0.100000
vt 0.625000 0.100000
vt 0.375000 0.116667
vt 0.625000 0.116667
vt 0.375000 0.133333
vt 0.625000 0.133333
vt 0.375000 0.150000
vt 0.625000 0.150000
vt 0.375000 0.166667
vt 0.625000 0.166667
vt 0.375000 0.183333
vt 0.625000 0.183333
vt 0.375000 0.200000
vt 0.625000 0.200000
vt 0.375000 0.216667
vt 0.625000 0.216667
vt 0.375000 0.233333
vt 0.625000 0.233333
vt 0.375000 0.250000
vt 0.625000 0.250000
vt 0.375000 0.500000
vt 0.625000 0.500000
vt 0.375000 0.516667
vt 0.625000 0.516667
vt 0.375000 0.533333
vt 0.625000 0.533333
vt 0.375000 0.550000
vt 0.625000 0.550000
vt 0.375000 0.566667
vt 0.625000 0.566667
vt 0.375000 0.583333
vt 0.625000 0.583333
vt 0.375000 0.600000
vt 0.625000 0.600000
vt 0.375000 0.616667
vt 0.625000 0.616667
vt 0.375000 0.633333
vt 0.625000 0.633333
vt 0.375000 0.650000
vt 0.625000 0.650000
vt 0.375000 0.666667
vt 0.625000 0.666667
vt 0.375000 0.683333
vt 0.625000 0.683333
vt 0.375000 0.700000
vt 0.625000 0.700000
vt 0.375000 0.716666
vt 0.625000 0.716666
vt 0.375000 0.733333
vt 0.625000 0.733333
vt 0.375000 0.750000
vt 0.625000 0.750000
vt 0.375000 1.000000
vt 0.625000 1.000000
vt 0.875000 0.000000
vt 0.875000 0.016667
vt 0.875000 0.033333
vt 0.875000 0.050000
vt 0.875000 0.066667
vt 0.875000 0.083333
vt 0.875000 0.100000
vt 0.875000 0.116667
vt 0.875000 0.133333
vt 0.875000 0.150000
vt 0.875000 0.166667
vt 0.875000 0.183333
vt 0.875000 0.200000
vt 0.875000 0.216667
vt 0.875000 0.233333
vt 0.875000 0.250000
vt 0.125000 0.000000
vt 0.125000 0.016667
vt 0.125000 0.033333
vt 0.125000 0.050000
vt 0.125000 0.066667
vt 0.125000 0.083333
vt 0.125000 0.100000
vt 0.125000 0.116667
vt 0.125000 0.133333
vt 0.125000 0.150000
vt 0.125000 0.166667
vt 0.125000 0.183333
vt 0.125000 0.200000
vt 0.125000 0.216667
vt 0.125000 0.233333
vt 0.125000 0.250000
vn -0.999848 -0.009949 -0.014306
vn -0.999848 -0.009949 -0.014306
vn -0.999848 -0.009949 -0.014306
vn -0.999848 -0.009949 -0.014306
vn -0.999848 -0.009949 -0.014306
vn -0.999848 -0.009950 -0.014306
vn -0.999848 -0.009950 -0.014306
vn -0.999848 -0.009949 -0.014306
vn -0.999848 -0.009949 -0.014306
vn -0.999848 -0.009949 -0.014306
vn -0.999848 -0.009949 -0.014306
vn -0.999848 -0.009949 -0.014306
vn -0.999848 -0.009949 -0.014306
vn -0.999848 -0.009949 -0.014306
vn -0.999848 -0.009949 -0.014306
vn -0.999848 -0.009949 -0.014306
vn -0.999848 -0.009949 -0.014306
vn -0.999848 -0.009949 -0.014306
vn -0.999848 -0.009949 -0.014306
vn -0.999848 -0.009949 -0.014306
vn -0.999848 -0.009949 -0.014306
vn -0.999848 -0.009949 -0.014306
vn -0.999848 -0.009949 -0.014306
vn -0.999848 -0.009949 -0.014306
vn -0.999848 -0.009949 -0.014306
vn -0.999848 -0.009949 -0.014306
vn -0.999848 -0.009950 -0.014306
vn -0.999848 -0.009949 -0.014306
vn -0.999848 -0.009948 -0.014306
vn -0.999848 -0.009949 -0.014306
vn -0.999848 -0.009948 -0.014305
vn -0.999848 -0.009948 -0.014305
vn 0.013024 -0.972097 -0.234217
vn 0.013024 -0.972097 -0.234217
vn 0.013024 -0.972097 -0.234217
vn 0.013024 -0.972097 -0.234217
vn 0.999848 0.009949 0.014306
vn 0.999848 0.009949 0.014306
vn 0.999848 0.009949 0.014306
vn 0.999848 0.009949 0.014306
vn 0.999848 0.009949 0.014306
vn 0.999848 0.009948 0.014306
vn 0.999848 0.009948 0.014306
vn 0.999848 0.009949 0.014306
vn 0.999848 0.009949 0.014306
vn 0.999848 0.009949 0.014306
vn 0.999848 0.009949 0.014306
vn 0.999848 0.009949 0.014306
vn 0.999848 0.009949 0.014306
vn 0.999848 0.009949 0.014306
vn 0.999848 0.009949 0.014306
vn 0.999848 0.009949 0.014306
vn 0.999848 0.009949 0.014306
vn 0.999848 0.009949 0.014306
vn 0.999848 0.009949 0.014306
vn 0.999848 0.009949 0.014306
vn 0.999848 0.009949 0.014306
vn 0.999848 0.009949 0.014306
vn 0.999848 0.009949 0.014306
vn 0.999848 0.009949 0.014306
vn 0.999848 0.009949 0.014306
vn 0.999848 0.009949 0.014306
vn 0.999848 0.009948 0.014306
vn 0.999848 0.009949 0.014306
vn 0.999848 0.009950 0.014306
vn 0.999848 0.009949 0.014306
vn 0.999848 0.009951 0.014306
vn 0.999848 0.009951 0.014306
vn 0.013802 -0.953331 -0.301611
vn 0.013802 -0.953331 -0.301611
vn 0.013802 -0.953331 -0.301611
vn 0.013802 -0.953331 -0.301611
vn -0.008003 -0.467079 0.884179
vn -0.008003 -0.467079 0.884179
vn -0.005783 -0.584987 0.811022
vn -0.005783 -0.584987 0.811022
vn -0.001413 -0.771982 0.635642
vn -0.001413 -0.771982 0.635642
vn 0.002490 -0.894119 0.447822
vn 0.002490 -0.894119 0.447822
vn 0.005772 -0.963729 0.266820
vn 0.005772 -0.963729 0.266820
vn 0.008481 -0.995023 0.099281
vn 0.008481 -0.995023 0.099281
vn 0.010722 -0.998427 -0.055025
vn 0.010722 -0.998427 -0.055025
vn 0.012597 -0.979929 -0.198949
vn 0.012597 -0.979929 -0.198949
vn 0.014177 -0.941808 -0.335852
vn 0.014177 -0.941808 -0.335852
vn 0.015494 -0.883259 -0.468630
vn 0.015494 -0.883259 -0.468630
vn 0.016537 -0.800591 -0.598983
vn 0.016537 -0.800591 -0.598983
vn 0.017229 -0.687205 -0.726260
vn 0.017229 -0.687205 -0.726260
vn 0.017408 -0.534056 -0.845270
vn 0.017408 -0.534056 -0.845270
vn 0.016800 -0.332412 -0.942985
vn 0.016800 -0.332412 -0.942985
vn 0.015071 -0.081667 -0.996546
vn 0.015071 -0.081667 -0.996546
vn 0.013715 0.057093 -0.998275
vn 0.013715 0.057093 -0.998275
vn 0.008003 0.467079 -0.884180
vn 0.008003 0.467079 -0.884180
vn 0.005783 0.584986 -0.811022
vn 0.005783 0.584986 -0.811022
vn 0.001413 0.771982 -0.635642
vn 0.001413 0.771982 -0.635642
vn -0.002490 0.894119 -0.447822
vn -0.002490 0.894119 -0.447822
vn -0.005772 0.963729 -0.266820
vn -0.005772 0.963729 -0.266820
vn -0.008481 0.995023 -0.099281
vn -0.008481 0.995023 -0.099281
vn -0.010722 0.998427 0.055026
vn -0.010722 0.998427 0.055026
vn -0.012597 0.979929 0.198949
vn -0.012597 0.979929 0.198949
vn -0.014177 0.941808 0.335852
vn -0.014177 0.941808 0.335852
vn -0.015494 0.883259 0.468630
vn -0.015494 0.883259 0.468630
vn -0.016537 0.800591 0.598983
vn -0.016537 0.800591 0.598983
vn -0.017229 0.687205 0.726260
vn -0.017229 0.687205 0.726260
vn -0.017408 0.534056 0.845270
vn -0.017408 0.534056 0.845270
vn -0.016800 0.332412 0.942985
vn -0.016800 0.332412 0.942985
vn -0.015071 0.081667 0.996546
vn -0.015071 0.081667 0.996546
vn -0.013715 -0.057093 0.998275
vn -0.013715 -0.057093 0.998275
s 1
g Sides pCube3
usemtl initialShadingGroup
f 129/197/273 130/198/274 132/200/275 131/199/276
f 131/199/276 132/200/275 134/202/277 133/201/278
f 133/201/278 134/202/277 136/204/279 135/203/280
f 135/203/280 136/204/279 138/206/281 137/205/282
f 137/205/282 138/206/281 140/208/283 139/207/284
f 139/207/284 140/208/283 142/210/285 141/209/286
f 141/209/286 142/210/285 144/212/287 143/211/288
f 143/211/288 144/212/287 146/214/289 145/213/290
f 145/213/290 146/214/289 148/216/291 147/215/292
f 147/215/292 148/216/291 150/218/293 149/217/294
f 149/217/294 150/218/293 152/220/295 151/219/296
f 151/219/296 152/220/295 154/222/297 153/221/298
f 153/221/298 154/222/297 156/224/299 155/223/300
f 155/223/300 156/224/299 158/226/301 157/225/302
f 157/225/302 158/226/301 160/228/303 159/227/304
s off
f 159/227/305 160/228/306 162/230/307 161/229/308
s 2
f 161/229/309 162/230/310 164/232/311 163/231/312
f 163/231/312 164/232/311 166/234/313 165/233/314
f 165/233/314 166/234/313 168/236/315 167/235/316
f 167/235/316 168/236/315 170/238/317 169/237/318
f 169/237/318 170/238/317 172/240/319 171/239/320
f 171/239/320 172/240/319 174/242/321 173/241/322
f 173/241/322 174/242/321 176/244/323 175/243/324
f 175/243/324 176/244/323 178/246/325 177/245/326
f 177/245/326 178/246/325 180/248/327 179/247/328
f 179/247/328 180/248/327 182/250/329 181/249/330
f 181/249/330 182/250/329 184/252/331 183/251/332
f 183/251/332 184/252/331 186/254/333 185/253/334
f 185/253/334 186/254/333 188/256/335 187/255/336
f 187/255/336 188/256/335 190/258/337 189/257/338
f 189/257/338 190/258/337 192/260/339 191/259/340
s off
f 191/259/341 192/260/342 130/262/343 129/261/344
s 3
f 130/198/345 192/263/346 190/264/347 132/200/348
f 132/200/348 190/264/347 188/265/349 134/202/350
f 134/202/350 188/265/349 186/266/351 136/204/352
f 136/204/352 186/266/351 184/267/353 138/206/354
f 138/206/354 184/267/353 182/268/355 140/208/356
f 140/208/356 182/268/355 180/269/357 142/210/358
f 142/210/358 180/269/357 178/270/359 144/212/360
f 144/212/360 178/270/359 176/271/361 146/214/362
f 146/214/362 176/271/361 174/272/363 148/216/364
f 148/216/364 174/272/363 172/273/365 150/218/366
f 150/218/366 172/273/365 170/274/367 152/220/368
f 152/220/368 170/274/367 168/275/369 154/222/370
f 154/222/370 168/275/369 166/276/371 156/224/372
f 156/224/372 166/276/371 164/277/373 158/226/374
f 158/226/374 164/277/373 162/278/375 160/228/376
s 4
f 191/279/377 129/197/378 131/199/379 189/280/380
f 189/280/380 131/199/379 133/201/381 187/281/382
f 187/281/382 133/201/381 135/203/383 185/282/384
f 185/282/384 135/203/383 137/205/385 183/283/386
f 183/283/386 137/205/385 139/207/387 181/284/388
f 181/284/388 139/207/387 141/209/389 179/285/390
f 179/285/390 141/209/389 143/211/391 177/286/392
f 177/286/392 143/211/391 145/213/393 175/287/394
f 175/287/394 145/213/393 147/215/395 173/288/396
f 173/288/396 147/215/395 149/217/397 171/289/398
f 171/289/398 149/217/397 151/219/399 169/290/400
f 169/290/400 151/219/399 153/221/401 167/291/402
f 167/291/402 153/221/401 155/223/403 165/292/404
f 165/292/404 155/223/403 157/225/405 163/293/406
f 163/293/406 157/225/405 159/227/407 161/294/408
g default
v -0.456840 2.380369 -0.564499
v -0.459729 2.390969 -0.370015
v -0.457400 2.427997 -0.558521
v -0.459962 2.410862 -0.367518
v -0.458140 2.474418 -0.539102
v -0.460271 2.430251 -0.359407
v -0.459029 2.517732 -0.507037
v -0.460643 2.448343 -0.346014
v -0.460033 2.556162 -0.463640
v -0.461062 2.464394 -0.327888
v -0.461108 2.588134 -0.410691
v -0.461511 2.477749 -0.305772
v -0.462213 2.612339 -0.350358
v -0.461972 2.487859 -0.280572
v -0.463300 2.627783 -0.285113
v -0.462427 2.494310 -0.253320
v -0.464326 2.633835 -0.217632
v -0.462855 2.496837 -0.225135
v -0.465248 2.630245 -0.150679
v -0.463240 2.495338 -0.197169
v -0.466029 2.617162 -0.086997
v -0.463566 2.489873 -0.170570
v -0.466636 2.595121 -0.029196
v -0.463820 2.480667 -0.146428
v -0.467046 2.565026 0.020354
v -0.463991 2.468097 -0.125731
v -0.467240 2.528110 0.059624
v -0.464072 2.452678 -0.109329
v -0.467212 2.485885 0.087005
v -0.464061 2.435041 -0.097893
v -0.466962 2.440082 0.101374
v -0.463956 2.415910 -0.091891
v 0.466230 2.449368 0.114726
v 0.469235 2.425196 -0.078539
v 0.465980 2.495171 0.100357
v 0.469131 2.444327 -0.084540
v 0.465951 2.537396 0.072977
v 0.469119 2.461963 -0.095977
v 0.466146 2.574312 0.033706
v 0.469200 2.477383 -0.112379
v 0.466555 2.604407 -0.015844
v 0.469371 2.489953 -0.133076
v 0.467163 2.626448 -0.073645
v 0.469625 2.499159 -0.157218
v 0.467944 2.639531 -0.137326
v 0.469951 2.504624 -0.183817
v 0.468866 2.643121 -0.204280
v 0.470337 2.506123 -0.211782
v 0.469892 2.637069 -0.271761
v 0.470765 2.503595 -0.239968
v 0.470979 2.621625 -0.337005
v 0.471219 2.497144 -0.267220
v 0.472083 2.597420 -0.397338
v 0.471680 2.487035 -0.292420
v 0.473159 2.565448 -0.450288
v 0.472130 2.473680 -0.314536
v 0.474162 2.527017 -0.493685
v 0.472549 2.457629 -0.332662
v 0.475052 2.483704 -0.525749
v 0.472920 2.439537 -0.346055
v 0.475792 2.437282 -0.545169
v 0.473229 2.420148 -0.354166
v 0.476351 2.389655 -0.551147
v 0.473463 2.400254 -0.356663
vt 0.375000 0.000000
vt 0.625000 0.000000
vt 0.375000 0.016667
vt 0.625000 0.016667
vt 0.375000 0.033333
vt 0.625000 0.033333
vt 0.375000 0.050000
vt 0.625000 0.050000
vt 0.375000 0.066667
vt 0.625000 0.066667
vt 0.375000 0.083333
vt 0.625000 0.083333
vt 0.375000 0.100000
vt 0.625000 0.100000
vt 0.375000 0.116667
vt 0.625000 0.116667
vt 0.375000 0.133333
vt 0.625000 0.133333
vt 0.375000 0.150000
vt 0.625000 0.150000
vt 0.375000 0.166667
vt 0.625000 0.166667
vt 0.375000 0.183333
vt 0.625000 0.183333
vt 0.375000 0.200000
vt 0.625000 0.200000
vt 0.375000 0.216667
vt 0.625000 0.216667
vt 0.375000 0.233333
vt 0.625000 0.233333
vt 0.375000 0.250000
vt 0.625000 0.250000
vt 0.375000 0.500000
vt 0.625000 0.500000
vt 0.375000 0.516667
vt 0.625000 0.516667
vt 0.375000 0.533333
vt 0.625000 0.533333
vt 0.375000 0.550000
vt 0.625000 0.550000
vt 0.375000 0.566667
vt 0.625000 0.566667
vt 0.375000 0.583333
vt 0.625000 0.583333
vt 0.375000 0.600000
vt 0.625000 0.600000
vt 0.375000 0.616667
vt 0.625000 0.616667
vt 0.375000 0.633333
vt 0.625000 0.633333
vt 0.375000 0.650000
vt 0.625000 0.650000
vt 0.375000 0.666667
vt 0.625000 0.666667
vt 0.375000 0.683333
vt 0.625000 0.683333
vt 0.375000 0.700000
vt 0.625000 0.700000
vt 0.375000 0.716666
vt 0.625000 0.716666
vt 0.375000 0.733333
vt 0.625000 0.733333
vt 0.375000 0.750000
vt 0.625000 0.750000
vt 0.375000 1.000000
vt 0.625000 1.000000
vt 0.875000 0.000000
vt 0.875000 0.016667
vt 0.875000 0.033333
vt 0.875000 0.050000
vt 0.875000 0.066667
vt 0.875000 0.083333
vt 0.875000 0.100000
vt 0.875000 0.116667
vt 0.875000 0.133333
vt 0.875000 0.150000
vt 0.875000 0.166667
vt 0.875000 0.183333
vt 0.875000 0.200000
vt 0.875000 0.216667
vt 0.875000 0.233333
vt 0.875000 0.250000
vt 0.125000 0.000000
vt 0.125000 0.016667
vt 0.125000 0.033333
vt 0.125000 0.050000
vt 0.125000 0.066667
vt 0.125000 0.083333
vt 0.125000 0.100000
vt 0.125000 0.116667
vt 0.125000 0.133333
vt 0.125000 0.150000
vt 0.125000 0.166667
vt 0.125000 0.183333
vt 0.125000 0.200000
vt 0.125000 0.216667
vt 0.125000 0.233333
vt 0.125000 0.250000
vn -0.999848 -0.009949 -0.014306
vn -0.999848 -0.009949 -0.014306
vn -0.999848 -0.009949 -0.014306
vn -0.999848 -0.009949 -0.014306
vn -0.999848 -0.009949 -0.014306
vn -0.999848 -0.009950 -0.014306
vn -0.999848 -0.009950 -0.014306
vn -0.999848 -0.009949 -0.014306
vn -0.999848 -0.009949 -0.014306
vn -0.999848 -0.009949 -0.014306
vn -0.999848 -0.009949 -0.014306
vn -0.999848 -0.009949 -0.014306
vn -0.999848 -0.009949 -0.014306
vn -0.999848 -0.009949 -0.014306
vn -0.999848 -0.009949 -0.014306
vn -0.999848 -0.009949 -0.014306
vn -0.999848 -0.009949 -0.014306
vn -0.999848 -0.009949 -0.014306
vn -0.999848 -0.009949 -0.014306
vn -0.999848 -0.009949 -0.014306
vn -0.999848 -0.009949 -0.014306
vn -0.999848 -0.009949 -0.014306
vn -0.999848 -0.009949 -0.014306
vn -0.999848 -0.009949 -0.014306
vn -0.999848 -0.009949 -0.014306
vn -0.999848 -0.009949 -0.014306
vn -0.999848 -0.009950 -0.014306
vn -0.999848 -0.009949 -0.014306
vn -0.999848 -0.009948 -0.014306
vn -0.999848 -0.009949 -0.014306
vn -0.999848 -0.009948 -0.014306
vn -0.999848 -0.009948 -0.014306
vn 0.008096 -0.992221 0.124227
vn 0.008096 -0.992221 0.124227
vn 0.008096 -0.992221 0.124227
vn 0.008096 -0.992221 0.124227
vn 0.999848 0.009949 0.014306
vn 0.999848 0.009949 0.014306
vn 0.999848 0.009949 0.014306
vn 0.999848 0.009949 0.014306
vn 0.999848 0.009949 0.014306
vn 0.999848 0.009948 0.014306
vn 0.999848 0.009948 0.014306
vn 0.999848 0.009949 0.014306
vn 0.999848 0.009949 0.014306
vn 0.999848 0.009949 0.014306
vn 0.999848 0.009949 0.014306
vn 0.999848 0.009949 0.014306
vn 0.999848 0.009949 0.014306
vn 0.999848 0.009949 0.014306
vn 0.999848 0.009949 0.014306
vn 0.999848 0.009949 0.014306
vn 0.999848 0.009949 0.014306
vn 0.999848 0.009949 0.014306
vn 0.999848 0.009949 0.014306
vn 0.999848 0.009949 0.014306
vn 0.999848 0.009949 0.014306
vn 0.999848 0.009949 0.014306
vn 0.999848 0.009949 0.014306
vn 0.999848 0.009949 0.014306
vn 0.999848 0.009949 0.014306
vn 0.999848 0.009949 0.014306
vn 0.999848 0.009948 0.014306
vn 0.999848 0.009949 0.014306
vn 0.999848 0.009950 0.014306
vn 0.999848 0.009949 0.014306
vn 0.999848 0.009951 0.014306
vn 0.999848 0.009951 0.014306
vn 0.009155 -0.998469 0.054553
vn 0.009155 -0.998469 0.054553
vn 0.009155 -0.998469 0.054553
vn 0.009155 -0.998469 0.054553
vn -0.012955 -0.124679 0.992113
vn -0.012955 -0.124679 0.992113
vn -0.011216 -0.260834 0.965319
vn -0.011216 -0.260834 0.965319
vn -0.007457 -0.497735 0.867297
vn -0.007457 -0.497735 0.867297
vn -0.003763 -0.678349 0.734730
vn -0.003763 -0.678349 0.734730
vn -0.000407 -0.807411 0.589989
vn -0.000407 -0.807411 0.589989
vn 0.002557 -0.895869 0.444310
vn 0.002557 -0.895869 0.444310
vn 0.005179 -0.953560 0.301160
vn 0.005179 -0.953560 0.301160
vn 0.007533 -0.987091 0.159987
vn 0.007533 -0.987091 0.159987
vn 0.009684 -0.999783 0.018451
vn 0.009684 -0.999783 0.018451
vn 0.011679 -0.991905 -0.126441
vn 0.011679 -0.991905 -0.126441
vn 0.013530 -0.960606 -0.277584
vn 0.013530 -0.960606 -0.277584
vn 0.015199 -0.899480 -0.436697
vn 0.015199 -0.899480 -0.436697
vn 0.016558 -0.798233 -0.602121
vn 0.016558 -0.798233 -0.602121
vn 0.017351 -0.644092 -0.764752
vn 0.017351 -0.644092 -0.764752
vn 0.017189 -0.428416 -0.903418
vn 0.017189 -0.428416 -0.903418
vn 0.016628 -0.299203 -0.954044
vn 0.016628 -0.299203 -0.954044
vn 0.012955 0.124679 -0.992113
vn 0.012955 0.124679 -0.992113
vn 0.011216 0.260834 -0.965319
vn 0.011216 0.260834 -0.965319
vn 0.007457 0.497735 -0.867297
vn 0.007457 0.497735 -0.867297
vn 0.003763 0.678349 -0.734730
vn 0.003763 0.678349 -0.734730
vn 0.000407 0.807411 -0.589989
vn 0.000407 0.807411 -0.589989
vn -0.002557 0.895869 -0.444310
vn -0.002557 0.895869 -0.444310
vn -0.005179 0.953560 -0.301160
vn -0.005179 0.953560 -0.301160
vn -0.007533 0.987090 -0.159987
vn -0.007533 0.987090 -0.159987
vn -0.009684 0.999783 -0.018451
vn -0.009684 0.999783 -0.018451
vn -0.011679 0.991905 0.126441
vn -0.011679 0.991905 0.126441
vn -0.013530 0.960606 0.277584
vn -0.013530 0.960606 0.277584
vn -0.015199 0.899480 0.436697
vn -0.015199 0.899480 0.436697
vn -0.016558 0.798233 0.602121
vn -0.016558 0.798233 0.602121
vn -0.017351 0.644092 0.764752
vn -0.017351 0.644092 0.764752
vn -0.017189 0.428415 0.903418
vn -0.017189 0.428415 0.903418
vn -0.016628 0.299203 0.954045
vn -0.016628 0.299203 0.954045
s 1
g Sides pCube4
usemtl initialShadingGroup
f 193/295/409 194/296/410 196/298/411 195/297/412
f 195/297/412 196/298/411 198/300/413 197/299/414
f 197/299/414 198/300/413 200/302/415 199/301/416
f 199/301/416 200/302/415 202/304/417 201/303/418
f 201/303/418 202/304/417 204/306/419 203/305/420
f 203/305/420 204/306/419 206/308/421 205/307/422
f 205/307/422 206/308/421 208/310/423 207/309/424
f 207/309/424 208/310/423 210/312/425 209/311/426
f 209/311/426 210/312/425 212/314/427 211/313/428
f 211/313/428 212/314/427 214/316/429 213/315/430
f 213/315/430 214/316/429 216/318/431 215/317/432
f 215/317/432 216/318/431 218/320/433 217/319/434
f 217/319/434 218/320/433 220/322/435 219/321/436
f 219/321/436 220/322/435 222/324/437 221/323/438
f 221/323/438 222/324/437 224/326/439 223/325/440
s off
f 223/325/441 224/326/442 226/328/443 225/327/444
s 2
f 225/327/445 226/328/446 228/330/447 227/329/448
f 227/329/448 228/330/447 230/332/449 229/331/450
f 229/331/450 230/332/449 232/334/451 231/333/452
f 231/333/452 232/334/451 234/336/453 233/335/454
f 233/335/454 234/336/453 236/338/455 235/337/456
f 235/337/456 236/338/455 238/340/457 237/339/458
f 237/339/458 238/340/457 240/342/459 239/341/460
f 239/341/460 240/342/459 242/344/461 241/343/462
f 241/343/462 242/344/461 244/346/463 243/345/464
f 243/345/464 244/346/463 246/348/465 245/347/466
f 245/347/466 246/348/465 248/350/467 247/349/468
f 247/349/468 248/350/467 250/352/469 249/351/470
f 249/351/470 250/352/469 252/354/471 251/353/472
f 251/353/472 252/354/471 254/356/473 253/355/474
f 253/355/474 254/356/473 256/358/475 255/357/476
s off
f 255/357/477 256/358/478 194/360/479 193/359/480
s 3
f 194/296/481 256/361/482 254/362/483 196/298/484
f 196/298/484 254/362/483 252/363/485 198/300/486
f 198/300/486 252/363/485 250/364/487 200/302/488
f 200/302/488 250/364/487 248/365/489 202/304/490
f 202/304/490 248/365/489 246/366/491 204/306/492
f 204/306/492 246/366/491 244/367/493 206/308/494
f 206/308/494 244/367/493 242/368/495 208/310/496
f 208/310/496 242/368/495 240/369/497 210/312/498
f 210/312/498 240/369/497 238/370/499 212/314/500
f 212/314/500 238/370/499 236/371/501 214/316/502
f 214/316/502 236/371/501 234/372/503 216/318/504
f 216/318/504 234/372/503 232/373/505 218/320/506
f 218/320/506 232/373/505 230/374/507 220/322/508
f 220/322/508 230/374/507 228/375/509 222/324/510
f 222/324/510 228/375/509 226/376/511 224/326/512
s 4
f 255/377/513 193/295/514 195/297/515 253/378/516
f 253/378/516 195/297/515 197/299/517 251/379/518
f 251/379/518 197/299/517 199/301/519 249/380/520
f 249/380/520 199/301/519 201/303/521 247/381/522
f 247/381/522 201/303/521 203/305/523 245/382/524
f 245/382/524 203/305/523 205/307/525 243/383/526
f 243/383/526 205/307/525 207/309/527 241/384/528
f 241/384/528 207/309/527 209/311/529 239/385/530
f 239/385/530 209/311/529 211/313/531 237/386/532
f 237/386/532 211/313/531 213/315/533 235/387/534
f 235/387/534 213/315/533 215/317/535 233/388/536
f 233/388/536 215/317/535 217/319/537 231/389/538
f 231/389/538 217/319/537 219/321/539 229/390/540
f 229/390/540 219/321/539 221/323/541 227/391/542
f 227/391/542 221/323/541 223/325/543 225/392/544
g default
v -0.449798 2.084144 -0.981554
v -0.453145 2.167341 -0.805452
v -0.450081 2.130510 -0.993986
v -0.453264 2.186708 -0.810645
v -0.450589 2.180831 -0.993516
v -0.453476 2.207726 -0.810449
v -0.451299 2.233044 -0.980163
v -0.453773 2.229534 -0.804872
v -0.452184 2.285010 -0.954475
v -0.454142 2.251240 -0.794142
v -0.453207 2.334599 -0.917504
v -0.454569 2.271952 -0.778700
v -0.454325 2.379780 -0.870764
v -0.455036 2.290824 -0.759177
v -0.455493 2.418701 -0.816172
v -0.455524 2.307080 -0.736375
v -0.456664 2.449767 -0.755964
v -0.456013 2.320056 -0.711227
v -0.457789 2.471705 -0.692609
v -0.456483 2.329219 -0.684765
v -0.458822 2.483616 -0.628701
v -0.456914 2.334194 -0.658071
v -0.459720 2.485011 -0.566860
v -0.457290 2.334777 -0.632241
v -0.460448 2.475834 -0.509620
v -0.457594 2.330944 -0.608333
v -0.460975 2.456461 -0.459327
v -0.457814 2.322852 -0.587326
v -0.461279 2.427685 -0.418041
v -0.457941 2.310833 -0.570082
v -0.461349 2.390687 -0.387455
v -0.457970 2.295379 -0.557307
v 0.471843 2.399973 -0.374103
v 0.475222 2.304665 -0.543955
v 0.471913 2.436971 -0.404689
v 0.475251 2.320119 -0.556730
v 0.472217 2.465747 -0.445974
v 0.475378 2.332138 -0.573974
v 0.472744 2.485120 -0.496268
v 0.475598 2.340230 -0.594981
v 0.473471 2.494297 -0.553508
v 0.475902 2.344063 -0.618889
v 0.474370 2.492901 -0.615349
v 0.476277 2.343480 -0.644719
v 0.475403 2.480991 -0.679256
v 0.476709 2.338505 -0.671412
v 0.476528 2.459053 -0.742612
v 0.477178 2.329342 -0.697875
v 0.477698 2.427987 -0.802820
v 0.477667 2.316366 -0.723023
v 0.478867 2.389066 -0.857412
v 0.478155 2.300110 -0.745825
v 0.479985 2.343885 -0.904151
v 0.478622 2.281238 -0.765347
v 0.481008 2.294296 -0.941123
v 0.479050 2.260525 -0.780790
v 0.481892 2.242329 -0.966811
v 0.479419 2.238820 -0.791519
v 0.482603 2.190116 -0.980164
v 0.479716 2.217011 -0.797097
v 0.483110 2.139796 -0.980634
v 0.479928 2.195993 -0.797293
v 0.483394 2.093430 -0.968201
v 0.480046 2.176627 -0.792100
vt 0.375000 0.000000
vt 0.625000 0.000000
vt 0.375000 0.016667
vt 0.625000 0.016667
vt 0.375000 0.033333
vt 0.625000 0.033333
vt 0.375000 0.050000
vt 0.625000 0.050000
vt 0.375000 0.066667
vt 0.625000 0.066667
vt 0.375000 0.083333
vt 0.625000 0.083333
vt 0.375000 0.100000
vt 0.625000 0.100000
vt 0.375000 0.116667
vt 0.625000 0.116667
vt 0.375000 0.133333
vt 0.625000 0.133333
vt 0.375000 0.150000
vt 0.625000 0.150000
vt 0.375000 0.166667
vt 0.625000 0.166667
vt 0.375000 0.183333
vt 0.625000 0.183333
vt 0.375000 0.200000
vt 0.625000 0.200000
vt 0.375000 0.216667
vt 0.625000 0.216667
vt 0.375000 0.233333
vt 0.625000 0.233333
vt 0.375000 0.250000
vt 0.625000 0.250000
vt 0.375000 0.500000
vt 0.625000 0.500000
vt 0.375000 0.516667
vt 0.625000 0.516667
vt 0.375000 0.533333
vt 0.625000 0.533333
vt 0.375000 0.550000
vt 0.625000 0.550000
vt 0.375000 0.566667
vt 0.625000 0.566667
vt 0.375000 0.583333
vt 0.625000 0.583333
vt 0.375000 0.600000
vt 0.625000 0.600000
vt 0.375000 0.616667
vt 0.625000 0.616667
vt 0.375000 0.633333
vt 0.625000 0.633333
vt 0.375000 0.650000
vt 0.625000 0.650000
vt 0.375000 0.666667
vt 0.625000 0.666667
vt 0.375000 0.683333
vt 0.625000 0.683333
vt 0.375000 0.700000
vt 0.625000 0.700000
vt 0.375000 0.716666
vt 0.625000 0.716666
vt 0.375000 0.733333
vt 0.625000 0.733333
vt 0.375000 0.750000
vt 0.625000 0.750000
vt 0.375000 1.000000
vt 0.625000 1.000000
vt 0.875000 0.000000
vt 0.875000 0.016667
vt 0.875000 0.033333
vt 0.875000 0.050000
vt 0.875000 0.066667
vt 0.875000 0.083333
vt 0.875000 0.100000
vt 0.875000 0.116667
vt 0.875000 0.133333
vt 0.875000 0.150000
vt 0.875000 0.166667
vt 0.875000 0.183333
vt 0.875000 0.200000
vt 0.875000 0.216667
vt 0.875000 0.233333
vt 0.875000 0.250000
vt 0.125000 0.000000
vt 0.125000 0.016667
vt 0.125000 0.033333
vt 0.125000 0.050000
vt 0.125000 0.066667
vt 0.125000 0.083333
vt 0.125000 0.100000
vt 0.125000 0.116667
vt 0.125000 0.133333
vt 0.125000 0.150000
vt 0.125000 0.166667
vt 0.125000 0.183333
vt 0.125000 0.200000
vt 0.125000 0.216667
vt 0.125000 0.233333
vt 0.125000 0.250000
vn -0.999848 -0.009949 -0.014306
vn -0.999848 -0.009949 -0.014306
vn -0.999848 -0.009949 -0.014306
vn -0.999848 -0.009949 -0.014306
vn -0.999848 -0.009949 -0.014306
vn -0.999848 -0.009950 -0.014306
vn -0.999848 -0.009950 -0.014306
vn -0.999848 -0.009949 -0.014306
vn -0.999848 -0.009949 -0.014306
vn -0.999848 -0.009949 -0.014306
vn -0.999848 -0.009949 -0.014306
vn -0.999848 -0.009949 -0.014306
vn -0.999848 -0.009949 -0.014306
vn -0.999848 -0.009949 -0.014306
vn -0.999848 -0.009949 -0.014306
vn -0.999848 -0.009949 -0.014306
vn -0.999848 -0.009949 -0.014306
vn -0.999848 -0.009949 -0.014306
vn -0.999848 -0.009949 -0.014306
vn -0.999848 -0.009949 -0.014306
vn -0.999848 -0.009949 -0.014306
vn -0.999848 -0.009949 -0.014306
vn -0.999848 -0.009949 -0.014306
vn -0.999848 -0.009949 -0.014306
vn -0.999848 -0.009949 -0.014306
vn -0.999848 -0.009949 -0.014306
vn -0.999848 -0.009950 -0.014306
vn -0.999848 -0.009949 -0.014306
vn -0.999848 -0.009948 -0.014306
vn -0.999848 -0.009949 -0.014306
vn -0.999848 -0.009948 -0.014307
vn -0.999848 -0.009948 -0.014307
vn 0.001676 -0.872073 0.489373
vn 0.001676 -0.872073 0.489373
vn 0.001676 -0.872073 0.489373
vn 0.001676 -0.872073 0.489373
vn 0.999848 0.009949 0.014306
vn 0.999848 0.009949 0.014306
vn 0.999848 0.009949 0.014306
vn 0.999848 0.009949 0.014306
vn 0.999848 0.009949 0.014306
vn 0.999848 0.009949 0.014306
vn 0.999848 0.009948 0.014306
vn 0.999848 0.009949 0.014306
vn 0.999848 0.009949 0.014306
vn 0.999848 0.009949 0.014306
vn 0.999848 0.009949 0.014306
vn 0.999848 0.009949 0.014306
vn 0.999848 0.009949 0.014306
vn 0.999848 0.009949 0.014306
vn 0.999848 0.009949 0.014306
vn 0.999848 0.009949 0.014306
vn 0.999848 0.009949 0.014306
vn 0.999848 0.009949 0.014306
vn 0.999848 0.009949 0.014306
vn 0.999848 0.009949 0.014306
vn 0.999848 0.009949 0.014306
vn 0.999848 0.009949 0.014306
vn 0.999848 0.009949 0.014306
vn 0.999848 0.009949 0.014306
vn 0.999848 0.009949 0.014306
vn 0.999848 0.009949 0.014306
vn 0.999848 0.009949 0.014306
vn 0.999848 0.009949 0.014306
vn 0.999848 0.009950 0.014305
vn 0.999848 0.009949 0.014306
vn 0.999848 0.009950 0.014305
vn 0.999848 0.009950 0.014305
vn 0.002884 -0.904149 0.427209
vn 0.002884 -0.904149 0.427209
vn 0.002884 -0.904149 0.427209
vn 0.002884 -0.904149 0.427209
vn -0.016394 0.258860 0.965776
vn -0.016394 0.258860 0.965776
vn -0.015419 0.122651 0.992330
vn -0.015419 0.122651 0.992330
vn -0.012848 -0.133740 0.990933
vn -0.012848 -0.133740 0.990933
vn -0.009904 -0.351034 0.936310
vn -0.009904 -0.351034 0.936310
vn -0.006950 -0.525176 0.850965
vn -0.006950 -0.525176 0.850965
vn -0.004135 -0.662068 0.749433
vn -0.004135 -0.662068 0.749433
vn -0.001481 -0.769509 0.638634
vn -0.001481 -0.769509 0.638634
vn 0.001048 -0.853829 0.520552
vn 0.001048 -0.853829 0.520552
vn 0.003503 -0.918987 0.394272
vn 0.003503 -0.918987 0.394272
vn 0.005937 -0.966360 0.257124
vn 0.005937 -0.966360 0.257124
vn 0.008387 -0.994400 0.105352
vn 0.008387 -0.994400 0.105352
vn 0.010860 -0.997823 -0.065054
vn 0.010860 -0.997823 -0.065054
vn 0.013286 -0.966468 -0.256442
vn 0.013286 -0.966468 -0.256442
vn 0.015463 -0.885072 -0.465197
vn 0.015463 -0.885072 -0.465197
vn 0.016998 -0.737644 -0.674976
vn 0.016998 -0.737644 -0.674976
vn 0.017365 -0.637076 -0.770606
vn 0.017365 -0.637076 -0.770606
vn 0.016394 -0.258861 -0.965776
vn 0.016394 -0.258861 -0.965776
vn 0.015419 -0.122651 -0.992330
vn 0.015419 -0.122651 -0.992330
vn 0.012848 0.133740 -0.990933
vn 0.012848 0.133740 -0.990933
vn 0.009904 0.351034 -0.936310
vn 0.009904 0.351034 -0.936310
vn 0.006950 0.525176 -0.850965
vn 0.006950 0.525176 -0.850965
vn 0.004135 0.662068 -0.749433
vn 0.004135 0.662068 -0.749433
vn 0.001481 0.769509 -0.638634
vn 0.001481 0.769509 -0.638634
vn -0.001048 0.853829 -0.520552
vn -0.001048 0.853829 -0.520552
vn -0.003503 0.918987 -0.394272
vn -0.003503 0.918987 -0.394272
vn -0.005937 0.966360 -0.257124
vn -0.005937 0.966360 -0.257124
vn -0.008387 0.994400 -0.105352
vn -0.008387 0.994400 -0.105352
vn -0.010860 0.997823 0.065055
vn -0.010860 0.997823 0.065054
vn -0.013286 0.966468 0.256442
vn -0.013286 0.966468 0.256442
vn -0.015463 0.885072 0.465197
vn -0.015463 0.885072 0.465197
vn -0.016998 0.737643 0.674976
vn -0.016998 0.737643 0.674976
vn -0.017365 0.637075 0.770606
vn -0.017365 0.637075 0.770606
s 1
g Sides pCube5
usemtl initialShadingGroup
f 257/393/545 258/394/546 260/396/547 259/395/548
f 259/395/548 260/396/547 262/398/549 261/397/550
f 261/397/550 262/398/549 264/400/551 263/399/552
f 263/399/552 264/400/551 266/402/553 265/401/554
f 265/401/554 266/402/553 268/404/555 267/403/556
f 267/403/556 268/404/555 270/406/557 269/405/558
f 269/405/558 270/406/557 272/408/559 271/407/560
f 271/407/560 272/408/559 274/410/561 273/409/562
f 273/409/562 274/410/561 276/412/563 275/411/564
f 275/411/564 276/412/563 278/414/565 277/413/566
f 277/413/566 278/414/565 280/416/567 279/415/568
f 279/415/568 280/416/567 282/418/569 281/417/570
f 281/417/570 282/418/569 284/420/571 283/419/572
f 283/419/572 284/420/571 286/422/573 285/421/574
f 285/421/574 286/422/573 288/424/575 287/423/576
s off
f 287/423/577 288/424/578 290/426/579 289/425/580
s 2
f 289/425/581 290/426/582 292/428/583 291/427/584
f 291/427/584 292/428/583 294/430/585 293/429/586
f 293/429/586 294/430/585 296/432/587 295/431/588
f 295/431/588 296/432/587 298/434/589 297/433/590
f 297/433/590 298/434/589 300/436/591 299/435/592
f 299/435/592 300/436/591 302/438/593 301/437/594
f 301/437/594 302/438/593 304/440/595 303/439/596
f 303/439/596 304/440/595 306/442/597 305/441/598
f 305/441/598 306/442/597 308/444/599 307/443/600
f 307/443/600 308/444/599 310/446/601 309/445/602
f 309/445/602 310/446/601 312/448/603 311/447/604
f 311/447/604 312/448/603 314/450/605 313/449/606
f 313/449/606 314/450/605 316/452/607 315/451/608
f 315/451/608 316/452/607 318/454/609 317/453/610
f 317/453/610 318/454/609 320/456/611 319/455/612
s off
f 319/455/613 320/456/614 258/458/615 257/457/616
s 3
f 258/394/617 320/459/618 318/460/619 260/396/620
f 260/396/620 318/460/619 316/461/621 262/398/622
f 262/398/622 316/461/621 314/462/623 264/400/624
f 264/400/624 314/462/623 312/463/625 266/402/626
f 266/402/626 312/463/625 310/464/627 268/404/628
f 268/404/628 310/464/627 308/465/629 270/406/630
f 270/406/630 308/465/629 306/466/631 272/408/632
f 272/408/632 306/466/631 304/467/633 274/410/634
f 274/410/634 304/467/633 302/468/635 276/412/636
f 276/412/636 302/468/635 300/469/637 278/414/638
f 278/414/638 300/469/637 298/470/639 280/416/640
f 280/416/640 298/470/639 296/471/641 282/418/642
f 282/418/642 296/471/641 294/472/643 284/420/644
f 284/420/644 294/472/643 292/473/645 286/422/646
f 286/422/646 292/473/645 290/474/647 288/424/648
s 4
f 319/475/649 257/393/650 259/395/651 317/476/652
f 317/476/652 259/395/651 261/397/653 315/477/654
f 315/477/654 261/397/653 263/399/655 313/478/656
f 313/478/656 263/399/655 265/401/657 311/479/658
f 311/479/658 265/401/657 267/403/659 309/480/660
f 309/480/660 267/403/659 269/405/661 307/481/662
f 307/481/662 269/405/661 271/407/663 305/482/664
f 305/482/664 271/407/663 273/409/665 303/483/666
f 303/483/666 273/409/665 275/411/667 301/484/668
f 301/484/668 275/411/667 277/413/669 299/485/670
f 299/485/670 277/413/669 279/415/671 297/486/672
f 297/486/672 279/415/671 281/417/673 295/487/674
f 295/487/674 281/417/673 283/419/675 293/488/676
f 293/488/676 283/419/675 285/421/677 291/489/678
f 291/489/678 285/421/677 287/423/679 289/490/680
g default
v -0.446178 1.691938 -1.185018
v -0.449431 1.844168 -1.063528
v -0.446086 1.728100 -1.216589
v -0.449393 1.859272 -1.076715
v -0.446227 1.773493 -1.238317
v -0.449452 1.878232 -1.085790
v -0.446595 1.826256 -1.249311
v -0.449605 1.900271 -1.090382
v -0.447174 1.884229 -1.249121
v -0.449847 1.924485 -1.090302
v -0.447942 1.945034 -1.237754
v -0.450168 1.949882 -1.085555
v -0.448866 2.006180 -1.215676
v -0.450554 1.975422 -1.076333
v -0.449909 2.065162 -1.183793
v -0.450990 2.000058 -1.063016
v -0.451028 2.119562 -1.143410
v -0.451457 2.022780 -1.046149
v -0.452178 2.167152 -1.096183
v -0.451937 2.042657 -1.026423
v -0.453310 2.205980 -1.044046
v -0.452410 2.058875 -1.004646
v -0.454379 2.234457 -0.989137
v -0.452857 2.070769 -0.981711
v -0.455341 2.251414 -0.933705
v -0.453258 2.077852 -0.958558
v -0.456156 2.256157 -0.880023
v -0.453599 2.079833 -0.936136
v -0.456792 2.248492 -0.830289
v -0.453864 2.076632 -0.915363
v -0.457221 2.228733 -0.786542
v -0.454044 2.068379 -0.897090
v 0.475971 2.238019 -0.773189
v 0.479148 2.077665 -0.883738
v 0.476400 2.257778 -0.816936
v 0.479327 2.085918 -0.902011
v 0.477035 2.265443 -0.866670
v 0.479593 2.089119 -0.922784
v 0.477851 2.260700 -0.920353
v 0.479933 2.087138 -0.945206
v 0.478813 2.243742 -0.975785
v 0.480335 2.080055 -0.968359
v 0.479882 2.215266 -1.030694
v 0.480782 2.068161 -0.991294
v 0.481014 2.176438 -1.082831
v 0.481255 2.051943 -1.013070
v 0.482163 2.128848 -1.130058
v 0.481735 2.032066 -1.032797
v 0.483282 2.074448 -1.170441
v 0.482202 2.009344 -1.049664
v 0.484325 2.015466 -1.202324
v 0.482638 1.984708 -1.062981
v 0.485250 1.954320 -1.224402
v 0.483024 1.959168 -1.072202
v 0.486017 1.893514 -1.235768
v 0.483344 1.933771 -1.076950
v 0.486597 1.835542 -1.235959
v 0.483586 1.909556 -1.077030
v 0.486965 1.782778 -1.224965
v 0.483740 1.887518 -1.072438
v 0.487105 1.737386 -1.203237
v 0.483799 1.868558 -1.063362
v 0.487014 1.701224 -1.171666
v 0.483761 1.853454 -1.050176
vt 0.375000 0.000000
vt 0.625000 0.000000
vt 0.375000 0.016667
vt 0.625000 0.016667
vt 0.375000 0.033333
vt 0.625000 0.033333
vt 0.375000 0.050000
vt 0.625000 0.050000
vt 0.375000 0.066667
vt 0.625000 0.066667
vt 0.375000 0.083333
vt 0.625000 0.083333
vt 0.375000 0.100000
vt 0.625000 0.100000
vt 0.375000 0.116667
vt 0.625000 0.116667
vt 0.375000 0.133333
vt 0.625000 0.133333
vt 0.375000 0.150000
vt 0.625000 0.150000
vt 0.375000 0.166667
vt 0.625000 0.166667
vt 0.375000 0.183333
vt 0.625000 0.183333
vt 0.375000 0.200000
vt 0.625000 0.200000
vt 0.375000 0.216667
vt 0.625000 0.216667
vt 0.375000 0.233333
vt 0.625000 0.233333
vt 0.375000 0.250000
vt 0.625000 0.250000
vt 0.375000 0.500000
vt 0.625000 0.500000
vt 0.375000 0.516667
vt 0.625000 0.516667
vt 0.375000 0.533333
vt 0.625000 0.533333
vt 0.375000 0.550000
vt 0.625000 0.550000
vt 0.375000 0.566667
vt 0.625000 0.566667
vt 0.375000 0.583333
vt 0.625000 0.583333
vt 0.375000 0.600000
vt 0.625000 0.600000
vt 0.375000 0.616667
vt 0.625000 0.616667
vt 0.375000 0.633333
vt 0.625000 0.633333
vt 0.375000 0.650000
vt 0.625000 0.650000
vt 0.375000 0.666667
vt 0.625000 0.666667
vt 0.375000 0.683333
vt 0.625000 0.683333
vt 0.375000 0.700000
vt 0.625000 0.700000
vt 0.375000 0.716666
vt 0.625000 0.716666
vt 0.375000 0.733333
vt 0.625000 0.733333
vt 0.375000 0.750000
vt 0.625000 0.750000
vt 0.375000 1.000000
vt 0.625000 1.000000
vt 0.875000 0.000000
vt 0.875000 0.016667
vt 0.875000 0.033333
vt 0.875000 0.050000
vt 0.875000 0.066667
vt 0.875000 0.083333
vt 0.875000 0.100000
vt 0.875000 0.116667
vt 0.875000 0.133333
vt 0.875000 0.150000
vt 0.875000 0.166667
vt 0.875000 0.183333
vt 0.875000 0.200000
vt 0.875000 0.216667
vt 0.875000 0.233333
vt 0.875000 0.250000
vt 0.125000 0.000000
vt 0.125000 0.016667
vt 0.125000 0.033333
vt 0.125000 0.050000
vt 0.125000 0.066667
vt 0.125000 0.083333
vt 0.125000 0.100000
vt 0.125000 0.116667
vt 0.125000 0.133333
vt 0.125000 0.150000
vt 0.125000 0.166667
vt 0.125000 0.183333
vt 0.125000 0.200000
vt 0.125000 0.216667
vt 0.125000 0.233333
vt 0.125000 0.250000
vn -0.999848 -0.009949 -0.014306
vn -0.999848 -0.009949 -0.014306
vn -0.999848 -0.009949 -0.014306
vn -0.999848 -0.009949 -0.014306
vn -0.999848 -0.009949 -0.014306
vn -0.999848 -0.009949 -0.014305
vn -0.999848 -0.009949 -0.014305
vn -0.999848 -0.009949 -0.014306
vn -0.999848 -0.009949 -0.014306
vn -0.999848 -0.009949 -0.014306
vn -0.999848 -0.009949 -0.014306
vn -0.999848 -0.009949 -0.014306
vn -0.999848 -0.009949 -0.014306
vn -0.999848 -0.009949 -0.014306
vn -0.999848 -0.009949 -0.014306
vn -0.999848 -0.009949 -0.014306
vn -0.999848 -0.009949 -0.014306
vn -0.999848 -0.009949 -0.014306
vn -0.999848 -0.009949 -0.014306
vn -0.999848 -0.009949 -0.014306
vn -0.999848 -0.009949 -0.014306
vn -0.999848 -0.009949 -0.014306
vn -0.999848 -0.009949 -0.014306
vn -0.999848 -0.009949 -0.014306
vn -0.999848 -0.009949 -0.014306
vn -0.999848 -0.009949 -0.014306
vn -0.999848 -0.009949 -0.014305
vn -0.999848 -0.009949 -0.014306
vn -0.999848 -0.009949 -0.014307
vn -0.999848 -0.009949 -0.014306
vn -0.999848 -0.009948 -0.014307
vn -0.999848 -0.009948 -0.014307
vn -0.006130 -0.567665 0.823237
vn -0.006130 -0.567665 0.823237
vn -0.006130 -0.567665 0.823237
vn -0.006130 -0.567665 0.823237
vn 0.999848 0.009949 0.014306
vn 0.999848 0.009949 0.014306
vn 0.999848 0.009949 0.014306
vn 0.999848 0.009949 0.014306
vn 0.999848 0.009949 0.014306
vn 0.999848 0.009949 0.014306
vn 0.999848 0.009949 0.014306
vn 0.999848 0.009949 0.014306
vn 0.999848 0.009949 0.014306
vn 0.999848 0.009949 0.014306
vn 0.999848 0.009949 0.014306
vn 0.999848 0.009949 0.014306
vn 0.999848 0.009949 0.014306
vn 0.999848 0.009949 0.014306
vn 0.999848 0.009949 0.014306
vn 0.999848 0.009949 0.014306
vn 0.999848 0.009949 0.014306
vn 0.999848 0.009949 0.014306
vn 0.999848 0.009949 0.014306
vn 0.999848 0.009949 0.014306
vn 0.999848 0.009949 0.014306
vn 0.999848 0.009949 0.014306
vn 0.999848 0.009949 0.014306
vn 0.999848 0.009949 0.014306
vn 0.999848 0.009949 0.014306
vn 0.999848 0.009949 0.014306
vn 0.999848 0.009949 0.014306
vn 0.999848 0.009949 0.014306
vn 0.999848 0.009950 0.014305
vn 0.999848 0.009949 0.014306
vn 0.999848 0.009950 0.014305
vn 0.999848 0.009950 0.014305
vn -0.004975 -0.623833 0.781542
vn -0.004975 -0.623833 0.781542
vn -0.004975 -0.623833 0.781542
vn -0.004975 -0.623833 0.781542
vn -0.017320 0.657595 0.753172
vn -0.017320 0.657595 0.753172
vn -0.017418 0.546973 0.836969
vn -0.017418 0.546973 0.836969
vn -0.016718 0.316128 0.948569
vn -0.016718 0.316128 0.948569
vn -0.015204 0.096960 0.995172
vn -0.015204 0.096960 0.995172
vn -0.013274 -0.096985 0.995197
vn -0.013274 -0.096985 0.995197
vn -0.011164 -0.264605 0.964292
vn -0.011164 -0.264605 0.964292
vn -0.008972 -0.409859 0.912105
vn -0.008972 -0.409859 0.912105
vn -0.006716 -0.537557 0.843201
vn -0.006716 -0.537557 0.843201
vn -0.004368 -0.651657 0.758502
vn -0.004368 -0.651657 0.758502
vn -0.001881 -0.754570 0.656216
vn -0.001881 -0.754570 0.656216
vn 0.000808 -0.846561 0.532291
vn 0.000808 -0.846561 0.532291
vn 0.003752 -0.924650 0.380800
vn 0.003752 -0.924650 0.380800
vn 0.006967 -0.980746 0.195163
vn 0.006967 -0.980746 0.195163
vn 0.010348 -0.999552 -0.028094
vn 0.010348 -0.999552 -0.028094
vn 0.013573 -0.959513 -0.281336
vn 0.013573 -0.959513 -0.281336
vn 0.014955 -0.911304 -0.411463
vn 0.014955 -0.911304 -0.411463
vn 0.017320 -0.657596 -0.753172
vn 0.017320 -0.657596 -0.753172
vn 0.017418 -0.546974 -0.836969
vn 0.017418 -0.546974 -0.836969
vn 0.016718 -0.316128 -0.948569
vn 0.016718 -0.316128 -0.948569
vn 0.015204 -0.096960 -0.995172
vn 0.015204 -0.096960 -0.995172
vn 0.013274 0.096985 -0.995197
vn 0.013274 0.096985 -0.995197
vn 0.011164 0.264605 -0.964292
vn 0.011164 0.264605 -0.964292
vn 0.008972 0.409859 -0.912105
vn 0.008972 0.409859 -0.912105
vn 0.006716 0.537557 -0.843201
vn 0.006716 0.537557 -0.843201
vn 0.004368 0.651656 -0.758502
vn 0.004368 0.651656 -0.758502
vn 0.001881 0.754570 -0.656216
vn 0.001881 0.754570 -0.656216
vn -0.000808 0.846561 -0.532291
vn -0.000808 0.846561 -0.532291
vn -0.003752 0.924650 -0.380800
vn -0.003752 0.924650 -0.380800
vn -0.006967 0.980746 -0.195163
vn -0.006967 0.980746 -0.195163
vn -0.010348 0.999552 0.028094
vn -0.010348 0.999552 0.028094
vn -0.013573 0.959513 0.281336
vn -0.013573 0.959513 0.281336
vn -0.014955 0.911304 0.411463
vn -0.014955 0.911304 0.411463
s 1
g Sides pCube6
usemtl initialShadingGroup
f 321/491/681 322/492/682 324/494/683 323/493/684
f 323/493/684 324/494/683 326/496/685 325/495/686
f 325/495/686 326/496/685 328/498/687 327/497/688
f 327/497/688 328/498/687 330/500/689 329/499/690
f 329/499/690 330/500/689 332/502/691 331/501/692
f 331/501/692 332/502/691 334/504/693 333/503/694
f 333/503/694 334/504/693 336/506/695 335/505/696
f 335/505/696 336/506/695 338/508/697 337/507/698
f 337/507/698 338/508/697 340/510/699 339/509/700
f 339/509/700 340/510/699 342/512/701 341/511/702
f 341/511/702 342/512/701 344/514/703 343/513/704
f 343/513/704 344/514/703 346/516/705 345/515/706
f 345/515/706 346/516/705 348/518/707 347/517/708
f 347/517/708 348/518/707 350/520/709 349/519/710
f 349/519/710 350/520/709 352/522/711 351/521/712
s off
f 351/521/713 352/522/714 354/524/715 353/523/716
s 2
f 353/523/717 354/524/718 356/526/719 355/525/720
f 355/525/720 356/526/719 358/528/721 357/527/722
f 357/527/722 358/528/721 360/530/723 359/529/724
f 359/529/724 360/530/723 362/532/725 361/531/726
f 361/531/726 362/532/725 364/534/727 363/533/728
f 363/533/728 364/534/727 366/536/729 365/535/730
f 365/535/730 366/536/729 368/538/731 367/537/732
f 367/537/732 368/538/731 370/540/733 369/539/734
f 369/539/734 370/540/733 372/542/735 371/541/736
f 371/541/736 372/542/735 374/544/737 373/543/738
f 373/543/738 374/544/737 376/546/739 375/545/740
f 375/545/740 376/546/739 378/548/741 377/547/742
f 377/547/742 378/548/741 380/550/743 379/549/744
f 379/549/744 380/550/743 382/552/745 381/551/746
f 381/551/746 382/552/745 384/554/747 383/553/748
s off
f 383/553/749 384/554/750 322/556/751 321/555/752
s 3
f 322/492/753 384/557/754 382/558/755 324/494/756
f 324/494/756 382/558/755 380/559/757 326/496/758
f 326/496/758 380/559/757 378/560/759 328/498/760
f 328/498/760 378/560/759 376/561/761 330/500/762
f 330/500/762 376/561/761 374/562/763 332/502/764
f 332/502/764 374/562/763 372/563/765 334/504/766
f 334/504/766 372/563/765 370/564/767 336/506/768
f 336/506/768 370/564/767 368/565/769 338/508/770
f 338/508/770 368/565/769 366/566/771 340/510/772
f 340/510/772 366/566/771 364/567/773 342/512/774
f 342/512/774 364/567/773 362/568/775 344/514/776
f 344/514/776 362/568/775 360/569/777 346/516/778
f 346/516/778 360/569/777 358/570/779 348/518/780
f 348/518/780 358/570/779 356/571/781 350/520/782
f 350/520/782 356/571/781 354/572/783 352/522/784
s 4
f 383/573/785 321/491/786 323/493/787 381/574/788
f 381/574/788 323/493/787 325/495/789 379/575/790
f 379/575/790 325/495/789 327/497/791 377/576/792
f 377/576/792 327/497/791 329/499/793 375/577/794
f 375/577/794 329/499/793 331/501/795 373/578/796
f 373/578/796 331/501/795 333/503/797 371/579/798
f 371/579/798 333/503/797 335/505/799 369/580/800
f 369/580/800 335/505/799 337/507/801 367/581/802
f 367/581/802 337/507/801 339/509/803 365/582/804
f 365/582/804 339/509/803 341/511/805 363/583/806
f 363/583/806 341/511/805 343/513/807 361/584/808
f 361/584/808 343/513/807 345/515/809 359/585/810
f 359/585/810 345/515/809 347/517/811 357/586/812
f 357/586/812 347/517/811 349/519/813 355/587/814
f 355/587/814 349/519/813 351/521/815 353/588/816
g default
v 0.437562 -2.082421 0.775090
v 0.436935 -1.912002 0.869437
v 0.437327 -2.097803 0.820562
v 0.436837 -1.918426 0.888430
v 0.437058 -2.100561 0.870811
v 0.436724 -1.919579 0.909419
v 0.436765 -2.090583 0.923777
v 0.436602 -1.915411 0.931541
v 0.436461 -2.068278 0.977289
v 0.436475 -1.906095 0.953893
v 0.436157 -2.034560 1.029155
v 0.436348 -1.892011 0.975556
v 0.435867 -1.990810 1.077248
v 0.436227 -1.873737 0.995644
v 0.435603 -1.938821 1.119599
v 0.436116 -1.852022 1.013333
v 0.435374 -1.880725 1.154472
v 0.436021 -1.827756 1.027899
v 0.435191 -1.818900 1.180438
v 0.435945 -1.801933 1.038745
v 0.435061 -1.755882 1.196432
v 0.435890 -1.775612 1.045425
v 0.434990 -1.694252 1.201800
v 0.435860 -1.749870 1.047667
v 0.434980 -1.636536 1.196321
v 0.435856 -1.725763 1.045379
v 0.435031 -1.585099 1.180219
v 0.435878 -1.704278 1.038653
v 0.435142 -1.542049 1.154156
v 0.435924 -1.686297 1.027767
v 0.435308 -1.509150 1.119198
v 0.435993 -1.672556 1.013166
v -0.498012 -1.509796 1.114159
v -0.497326 -1.673201 1.008127
v -0.498178 -1.542694 1.149117
v -0.497396 -1.686942 1.022728
v -0.498289 -1.585744 1.175181
v -0.497442 -1.704924 1.033615
v -0.498340 -1.637181 1.191282
v -0.497463 -1.726408 1.040340
v -0.498330 -1.694897 1.196761
v -0.497459 -1.750515 1.042628
v -0.498258 -1.756527 1.191393
v -0.497429 -1.776257 1.040386
v -0.498128 -1.819545 1.175399
v -0.497375 -1.802579 1.033706
v -0.497945 -1.881370 1.149433
v -0.497298 -1.828402 1.022860
v -0.497717 -1.939467 1.114561
v -0.497203 -1.852668 1.008295
v -0.497452 -1.991455 1.072210
v -0.497093 -1.874383 0.990605
v -0.497162 -2.035205 1.024116
v -0.496971 -1.892656 0.970517
v -0.496859 -2.068923 0.972250
v -0.496845 -1.906740 0.948854
v -0.496555 -2.091229 0.918738
v -0.496718 -1.916056 0.926503
v -0.496262 -2.101206 0.865772
v -0.496595 -1.920224 0.904380
v -0.495992 -2.098448 0.815524
v -0.496483 -1.919072 0.883392
v -0.495757 -2.083066 0.770051
v -0.496385 -1.912647 0.864398
vt 0.375000 0.000000
vt 0.625000 0.000000
vt 0.375000 0.016667
vt 0.625000 0.016667
vt 0.375000 0.033333
vt 0.625000 0.033333
vt 0.375000 0.050000
vt 0.625000 0.050000
vt 0.375000 0.066667
vt 0.625000 0.066667
vt 0.375000 0.083333
vt 0.625000 0.083333
vt 0.375000 0.100000
vt 0.625000 0.100000
vt 0.375000 0.116667
vt 0.625000 0.116667
vt 0.375000 0.133333
vt 0.625000 0.133333
vt 0.375000 0.150000
vt 0.625000 0.150000
vt 0.375000 0.166667
vt 0.625000 0.166667
vt 0.375000 0.183333
vt 0.625000 0.183333
vt 0.375000 0.200000
vt 0.625000 0.200000
vt 0.375000 0.216667
vt 0.625000 0.216667
vt 0.375000 0.233333
vt 0.625000 0.233333
vt 0.375000 0.250000
vt 0.625000 0.250000
vt 0.375000 0.500000
vt 0.625000 0.500000
vt 0.375000 0.516667
vt 0.625000 0.516667
vt 0.375000 0.533333
vt 0.625000 0.533333
vt 0.375000 0.550000
vt 0.625000 0.550000
vt 0.375000 0.566667
vt 0.625000 0.566667
vt 0.375000 0.583333
vt 0.625000 0.583333
vt 0.375000 0.600000
vt 0.625000 0.600000
vt 0.375000 0.616667
vt 0.625000 0.616667
vt 0.375000 0.633333
vt 0.625000 0.633333
vt 0.375000 0.650000
vt 0.625000 0.650000
vt 0.375000 0.666667
vt 0.625000 0.666667
vt 0.375000 0.683333
vt 0.625000 0.683333
vt 0.375000 0.700000
vt 0.625000 0.700000
vt 0.375000 0.716666
vt 0.625000 0.716666
vt 0.375000 0.733333
vt 0.625000 0.733333
vt 0.375000 0.750000
vt 0.625000 0.750000
vt 0.375000 1.000000
vt 0.625000 1.000000
vt 0.875000 0.000000
vt 0.875000 0.016667
vt 0.875000 0.033333
vt 0.875000 0.050000
vt 0.875000 0.066667
vt 0.875000 0.083333
vt 0.875000 0.100000
vt 0.875000 0.116667
vt 0.875000 0.133333
vt 0.875000 0.150000
vt 0.875000 0.166667
vt 0.875000 0.183333
vt 0.875000 0.200000
vt 0.875000 0.216667
vt 0.875000 0.233333
vt 0.875000 0.250000
vt 0.125000 0.000000
vt 0.125000 0.016667
vt 0.125000 0.033333
vt 0.125000 0.050000
vt 0.125000 0.066667
vt 0.125000 0.083333
vt 0.125000 0.100000
vt 0.125000 0.116667
vt 0.125000 0.133333
vt 0.125000 0.150000
vt 0.125000 0.166667
vt 0.125000 0.183333
vt 0.125000 0.200000
vt 0.125000 0.216667
vt 0.125000 0.233333
vt 0.125000 0.250000
vn 0.999985 0.000691 0.005399
vn 0.999985 0.000691 0.005399
vn 0.999985 0.000691 0.005399
vn 0.999985 0.000691 0.005399
vn 0.999985 0.000691 0.005399
vn 0.999985 0.000692 0.005398
vn 0.999985 0.000692 0.005398
vn 0.999985 0.000691 0.005399
vn 0.999985 0.000691 0.005399
vn 0.999985 0.000691 0.005399
vn 0.999985 0.000691 0.005399
vn 0.999985 0.000692 0.005399
vn 0.999985 0.000691 0.005399
vn 0.999985 0.000691 0.005399
vn 0.999985 0.000691 0.005399
vn 0.999985 0.000691 0.005399
vn 0.999985 0.000691 0.005399
vn 0.999985 0.000691 0.005399
vn 0.999985 0.000691 0.005399
vn 0.999985 0.000691 0.005399
vn 0.999985 0.000691 0.005399
vn 0.999985 0.000691 0.005399
vn 0.999985 0.000691 0.005399
vn 0.999985 0.000691 0.005399
vn 0.999985 0.000691 0.005399
vn 0.999985 0.000691 0.005399
vn 0.999985 0.000692 0.005398
vn 0.999985 0.000691 0.005399
vn 0.999985 0.000691 0.005400
vn 0.999985 0.000691 0.005399
vn 0.999985 0.000691 0.005400
vn 0.999985 0.000691 0.005400
vn 0.004153 0.544341 -0.838854
vn 0.004153 0.544341 -0.838854
vn 0.004153 0.544341 -0.838854
vn 0.004153 0.544341 -0.838854
vn -0.999985 -0.000691 -0.005399
vn -0.999985 -0.000691 -0.005399
vn -0.999985 -0.000691 -0.005399
vn -0.999985 -0.000691 -0.005399
vn -0.999985 -0.000691 -0.005399
vn -0.999985 -0.000691 -0.005399
vn -0.999985 -0.000691 -0.005399
vn -0.999985 -0.000691 -0.005399
vn -0.999985 -0.000691 -0.005399
vn -0.999985 -0.000691 -0.005399
vn -0.999985 -0.000691 -0.005399
vn -0.999985 -0.000691 -0.005399
vn -0.999985 -0.000691 -0.005399
vn -0.999985 -0.000691 -0.005399
vn -0.999985 -0.000691 -0.005399
vn -0.999985 -0.000691 -0.005399
vn -0.999985 -0.000691 -0.005399
vn -0.999985 -0.000691 -0.005399
vn -0.999985 -0.000691 -0.005399
vn -0.999985 -0.000691 -0.005399
vn -0.999985 -0.000691 -0.005399
vn -0.999985 -0.000691 -0.005399
vn -0.999985 -0.000691 -0.005399
vn -0.999985 -0.000692 -0.005399
vn -0.999985 -0.000691 -0.005399
vn -0.999985 -0.000691 -0.005399
vn -0.999985 -0.000691 -0.005399
vn -0.999985 -0.000691 -0.005399
vn -0.999985 -0.000692 -0.005398
vn -0.999985 -0.000691 -0.005399
vn -0.999985 -0.000692 -0.005397
vn -0.999985 -0.000692 -0.005397
vn 0.004388 0.484356 -0.874860
vn 0.004388 0.484356 -0.874860
vn 0.004388 0.484356 -0.874860
vn 0.004388 0.484356 -0.874860
vn -0.002385 0.947275 0.320412
vn -0.002385 0.947275 0.320412
vn -0.001684 0.982513 0.186186
vn -0.001684 0.982513 0.186186
vn -0.000313 0.997563 -0.069776
vn -0.000313 0.997563 -0.069776
vn 0.000905 0.956983 -0.290141
vn 0.000905 0.956983 -0.290141
vn 0.001924 0.882975 -0.469417
vn 0.001924 0.882975 -0.469417
vn 0.002761 0.790421 -0.612557
vn 0.002761 0.790421 -0.612557
vn 0.003450 0.686731 -0.726903
vn 0.003450 0.686731 -0.726903
vn 0.004023 0.574289 -0.818643
vn 0.004023 0.574289 -0.818643
vn 0.004502 0.452436 -0.891785
vn 0.004502 0.452436 -0.891785
vn 0.004897 0.318596 -0.947878
vn 0.004897 0.318596 -0.947878
vn 0.005204 0.168920 -0.985616
vn 0.005204 0.168920 -0.985616
vn 0.005399 -0.000931 -0.999985
vn 0.005399 -0.000931 -0.999985
vn 0.005430 -0.193953 -0.980996
vn 0.005430 -0.193953 -0.980996
vn 0.005212 -0.407519 -0.913182
vn 0.005212 -0.407519 -0.913182
vn 0.004642 -0.626341 -0.779536
vn 0.004642 -0.626341 -0.779536
vn 0.004203 -0.728232 -0.685318
vn 0.004203 -0.728232 -0.685318
vn 0.002385 -0.947275 -0.320413
vn 0.002385 -0.947275 -0.320413
vn 0.001684 -0.982513 -0.186186
vn 0.001684 -0.982513 -0.186186
vn 0.000313 -0.997563 0.069776
vn 0.000313 -0.997563 0.069776
vn -0.000905 -0.956983 0.290141
vn -0.000905 -0.956983 0.290141
vn -0.001924 -0.882975 0.469417
vn -0.001924 -0.882975 0.469417
vn -0.002761 -0.790421 0.612557
vn -0.002761 -0.790421 0.612557
vn -0.003450 -0.686731 0.726903
vn -0.003450 -0.686731 0.726903
vn -0.004023 -0.574289 0.818643
vn -0.004023 -0.574289 0.818643
vn -0.004502 -0.452436 0.891785
vn -0.004502 -0.452436 0.891785
vn -0.004897 -0.318596 0.947878
vn -0.004897 -0.318596 0.947878
vn -0.005204 -0.168920 0.985616
vn -0.005204 -0.168920 0.985616
vn -0.005399 0.000931 0.999985
vn -0.005399 0.000931 0.999985
vn -0.005430 0.193953 0.980996
vn -0.005430 0.193953 0.980996
vn -0.005212 0.407519 0.913182
vn -0.005212 0.407519 0.913182
vn -0.004642 0.626341 0.779536
vn -0.004642 0.626341 0.779536
vn -0.004203 0.728232 0.685318
vn -0.004203 0.728232 0.685318
s 1
g Sides pCube7
usemtl initialShadingGroup
f 385/589/817 386/590/818 388/592/819 387/591/820
f 387/591/820 388/592/819 390/594/821 389/593/822
f 389/593/822 390/594/821 392/596/823 391/595/824
f 391/595/824 392/596/823 394/598/825 393/597/826
f 393/597/826 394/598/825 396/600/827 395/599/828
f 395/599/828 396/600/827 398/602/829 397/601/830
f 397/601/830 398/602/829 400/604/831 399/603/832
f 399/603/832 400/604/831 402/606/833 401/605/834
f 401/605/834 402/606/833 404/608/835 403/607/836
f 403/607/836 404/608/835 406/610/837 405/609/838
f 405/609/838 406/610/837 408/612/839 407/611/840
f 407/611/840 408/612/839 410/614/841 409/613/842
f 409/613/842 410/614/841 412/616/843 411/615/844
f 411/615/844 412/616/843 414/618/845 413/617/846
f 413/617/846 414/618/845 416/620/847 415/619/848
s off
f 415/619/849 416/620/850 418/622/851 417/621/852
s 2
f 417/621/853 418/622/854 420/624/855 419/623/856
f 419/623/856 420/624/855 422/626/857 421/625/858
f 421/625/858 422/626/857 424/628/859 423/627/860
f 423/627/860 424/628/859 426/630/861 425/629/862
f 425/629/862 426/630/861 428/632/863 427/631/864
f 427/631/864 428/632/863 430/634/865 429/633/866
f 429/633/866 430/634/865 432/636/867 431/635/868
f 431/635/868 432/636/867 434/638/869 433/637/870
f 433/637/870 434/638/869 436/640/871 435/639/872
f 435/639/872 436/640/871 438/642/873 437/641/874
f 437/641/874 438/642/873 440/644/875 439/643/876
f 439/643/876 440/644/875 442/646/877 441/645/878
f 441/645/878 442/646/877 444/648/879 443/647/880
f 443/647/880 444/648/879 446/650/881 445/649/882
f 445/649/882 446/650/881 448/652/883 447/651/884
s off
f 447/651/885 448/652/886 386/654/887 385/653/888
s 3
f 386/590/889 448/655/890 446/656/891 388/592/892
f 388/592/892 446/656/891 444/657/893 390/594/894
f 390/594/894 444/657/893 442/658/895 392/596/896
f 392/596/896 442/658/895 440/659/897 394/598/898
f 394/598/898 440/659/897 438/660/899 396/600/900
f 396/600/900 438/660/899 436/661/901 398/602/902
f 398/602/902 436/661/901 434/662/903 400/604/904
f 400/604/904 434/662/903 432/663/905 402/606/906
f 402/606/906 432/663/905 430/664/907 404/608/908
f 404/608/908 430/664/907 428/665/909 406/610/910
f 406/610/910 428/665/909 426/666/911 408/612/912
f 408/612/912 426/666/911 424/667/913 410/614/914
f 410/614/914 424/667/913 422/668/915 412/616/916
f 412/616/916 422/668/915 420/669/917 414/618/918
f 414/618/918 420/669/917 418/670/919 416/620/920
s 4
f 447/671/921 385/589/922 387/591/923 445/672/924
f 445/672/924 387/591/923 389/593/925 443/673/926
f 443/673/926 389/593/925 391/595/927 441/674/928
f 441/674/928 391/595/927 393/597/929 439/675/930
f 439/675/930 393/597/929 395/599/931 437/676/932
f 437/676/932 395/599/931 397/601/933 435/677/934
f 435/677/934 397/601/933 399/603/935 433/678/936
f 433/678/936 399/603/935 401/605/937 431/679/938
f 431/679/938 401/605/937 403/607/939 429/680/940
f 429/680/940 403/607/939 405/609/941 427/681/942
f 427/681/942 405/609/941 407/611/943 425/682/944
f 425/682/944 407/611/943 409/613/945 423/683/946
f 423/683/946 409/613/945 411/615/947 421/684/948
f 421/684/948 411/615/947 413/617/949 419/685/950
f 419/685/950 413/617/949 415/619/951 417/686/952
g default
v 0.436152 -2.305326 0.387697
v 0.435225 -2.189842 0.544564
v 0.435987 -2.338284 0.422600
v 0.435156 -2.203608 0.559142
v 0.435762 -2.361764 0.467111
v 0.435063 -2.213415 0.577734
v 0.435489 -2.374805 0.519407
v 0.434949 -2.218862 0.599577
v 0.435178 -2.376871 0.577345
v 0.434818 -2.219725 0.623777
v 0.434841 -2.367879 0.638550
v 0.434678 -2.215969 0.649341
v 0.434493 -2.348196 0.700515
v 0.434532 -2.207748 0.675223
v 0.434148 -2.318630 0.760699
v 0.434388 -2.195399 0.700361
v 0.433819 -2.280392 0.816638
v 0.434251 -2.179427 0.723726
v 0.433521 -2.235048 0.866038
v 0.434127 -2.160488 0.744359
v 0.433266 -2.184458 0.906876
v 0.434020 -2.139357 0.761416
v 0.433063 -2.130694 0.937477
v 0.433935 -2.116901 0.774198
v 0.432922 -2.075959 0.956587
v 0.433876 -2.094039 0.782180
v 0.432848 -2.022496 0.963425
v 0.433846 -2.071708 0.785036
v 0.432845 -1.972497 0.957708
v 0.433844 -2.050824 0.782648
v 0.432911 -1.928009 0.939672
v 0.433872 -2.032243 0.775115
v -0.500408 -1.928654 0.934633
v -0.499448 -2.032888 0.770076
v -0.500475 -1.973142 0.952669
v -0.499476 -2.051469 0.777609
v -0.500471 -2.023141 0.958386
v -0.499474 -2.072353 0.779997
v -0.500397 -2.076604 0.951548
v -0.499443 -2.094684 0.777141
v -0.500256 -2.131339 0.932438
v -0.499384 -2.117546 0.769159
v -0.500054 -2.185103 0.901837
v -0.499300 -2.140002 0.756378
v -0.499798 -2.235694 0.860999
v -0.499193 -2.161133 0.739320
v -0.499500 -2.281037 0.811599
v -0.499069 -2.180072 0.718687
v -0.499172 -2.319275 0.755661
v -0.498931 -2.196044 0.695322
v -0.498827 -2.348842 0.695476
v -0.498787 -2.208393 0.670184
v -0.498478 -2.368524 0.633511
v -0.498642 -2.216614 0.644302
v -0.498142 -2.377516 0.572306
v -0.498501 -2.220370 0.618738
v -0.497830 -2.375450 0.514368
v -0.498371 -2.219507 0.594538
v -0.497557 -2.362409 0.462072
v -0.498257 -2.214060 0.572695
v -0.497333 -2.338929 0.417561
v -0.498163 -2.204253 0.554103
v -0.497167 -2.305971 0.382658
v -0.498094 -2.190487 0.539525
vt 0.375000 0.000000
vt 0.625000 0.000000
vt 0.375000 0.016667
vt 0.625000 0.016667
vt 0.375000 0.033333
vt 0.625000 0.033333
vt 0.375000 0.050000
vt 0.625000 0.050000
vt 0.375000 0.066667
vt 0.625000 0.066667
vt 0.375000 0.083333
vt 0.625000 0.083333
vt 0.375000 0.100000
vt 0.625000 0.100000
vt 0.375000 0.116667
vt 0.625000 0.116667
vt 0.375000 0.133333
vt 0.625000 0.133333
vt 0.375000 0.150000
vt 0.625000 0.150000
vt 0.375000 0.166667
vt 0.625000 0.166667
vt 0.375000 0.183333
vt 0.625000 0.183333
vt 0.375000 0.200000
vt 0.625000 0.200000
vt 0.375000 0.216667
vt 0.625000 0.216667
vt 0.375000 0.233333
vt 0.625000 0.233333
vt 0.375000 0.250000
vt 0.625000 0.250000
vt 0.375000 0.500000
vt 0.625000 0.500000
vt 0.375000 0.516667
vt 0.625000 0.516667
vt 0.375000 0.533333
vt 0.625000 0.533333
vt 0.375000 0.550000
vt 0.625000 0.550000
vt 0.375000 0.566667
vt 0.625000 0.566667
vt 0.375000 0.583333
vt 0.625000 0.583333
vt 0.375000 0.600000
vt 0.625000 0.600000
vt 0.375000 0.616667
vt 0.625000 0.616667
vt 0.375000 0.633333
vt 0.625000 0.633333
vt 0.375000 0.650000
vt 0.625000 0.650000
vt 0.375000 0.666667
vt 0.625000 0.666667
vt 0.375000 0.683333
vt 0.625000 0.683333
vt 0.375000 0.700000
vt 0.625000 0.700000
vt 0.375000 0.716666
vt 0.625000 0.716666
vt 0.375000 0.733333
vt 0.625000 0.733333
vt 0.375000 0.750000
vt 0.625000 0.750000
vt 0.375000 1.000000
vt 0.625000 1.000000
vt 0.875000 0.000000
vt 0.875000 0.016667
vt 0.875000 0.033333
vt 0.875000 0.050000
vt 0.875000 0.066667
vt 0.875000 0.083333
vt 0.875000 0.100000
vt 0.875000 0.116667
vt 0.875000 0.133333
vt 0.875000 0.150000
vt 0.875000 0.166667
vt 0.875000 0.183333
vt 0.875000 0.200000
vt 0.875000 0.216667
vt 0.875000 0.233333
vt 0.875000 0.250000
vt 0.125000 0.000000
vt 0.125000 0.016667
vt 0.125000 0.033333
vt 0.125000 0.050000
vt 0.125000 0.066667
vt 0.125000 0.083333
vt 0.125000 0.100000
vt 0.125000 0.116667
vt 0.125000 0.133333
vt 0.125000 0.150000
vt 0.125000 0.166667
vt 0.125000 0.183333
vt 0.125000 0.200000
vt 0.125000 0.216667
vt 0.125000 0.233333
vt 0.125000 0.250000
vn 0.999985 0.000691 0.005399
vn 0.999985 0.000691 0.005399
vn 0.999985 0.000691 0.005399
vn 0.999985 0.000691 0.005399
vn 0.999985 0.000691 0.005399
vn 0.999985 0.000692 0.005398
vn 0.999985 0.000692 0.005398
vn 0.999985 0.000691 0.005399
vn 0.999985 0.000691 0.005399
vn 0.999985 0.000691 0.005399
vn 0.999985 0.000691 0.005399
vn 0.999985 0.000692 0.005399
vn 0.999985 0.000692 0.005399
vn 0.999985 0.000691 0.005399
vn 0.999985 0.000691 0.005399
vn 0.999985 0.000691 0.005399
vn 0.999985 0.000691 0.005399
vn 0.999985 0.000691 0.005399
vn 0.999985 0.000692 0.005399
vn 0.999985 0.000691 0.005399
vn 0.999985 0.000691 0.005399
vn 0.999985 0.000692 0.005399
vn 0.999985 0.000691 0.005399
vn 0.999985 0.000691 0.005399
vn 0.999985 0.000691 0.005399
vn 0.999985 0.000691 0.005399
vn 0.999985 0.000692 0.005398
vn 0.999985 0.000691 0.005399
vn 0.999985 0.000691 0.005399
vn 0.999985 0.000691 0.005399
vn 0.999985 0.000690 0.005400
vn 0.999985 0.000690 0.005400
vn 0.002305 0.844791 -0.535092
vn 0.002305 0.844791 -0.535092
vn 0.002305 0.844791 -0.535092
vn 0.002305 0.844791 -0.535092
vn -0.999985 -0.000691 -0.005399
vn -0.999985 -0.000691 -0.005399
vn -0.999985 -0.000691 -0.005399
vn -0.999985 -0.000691 -0.005399
vn -0.999985 -0.000691 -0.005399
vn -0.999985 -0.000691 -0.005399
vn -0.999985 -0.000691 -0.005399
vn -0.999985 -0.000691 -0.005399
vn -0.999985 -0.000691 -0.005399
vn -0.999985 -0.000691 -0.005399
vn -0.999985 -0.000691 -0.005399
vn -0.999985 -0.000691 -0.005399
vn -0.999985 -0.000691 -0.005399
vn -0.999985 -0.000691 -0.005399
vn -0.999985 -0.000691 -0.005399
vn -0.999985 -0.000691 -0.005399
vn -0.999985 -0.000691 -0.005399
vn -0.999985 -0.000691 -0.005399
vn -0.999985 -0.000691 -0.005399
vn -0.999985 -0.000691 -0.005399
vn -0.999985 -0.000692 -0.005399
vn -0.999985 -0.000691 -0.005399
vn -0.999985 -0.000691 -0.005399
vn -0.999985 -0.000692 -0.005399
vn -0.999985 -0.000691 -0.005399
vn -0.999985 -0.000691 -0.005399
vn -0.999985 -0.000691 -0.005399
vn -0.999985 -0.000691 -0.005399
vn -0.999985 -0.000692 -0.005398
vn -0.999985 -0.000691 -0.005399
vn -0.999985 -0.000693 -0.005398
vn -0.999985 -0.000693 -0.005398
vn 0.002644 0.805310 -0.592848
vn 0.002644 0.805310 -0.592848
vn 0.002644 0.805310 -0.592848
vn 0.002644 0.805310 -0.592848
vn -0.004209 0.727075 0.686545
vn -0.004209 0.727075 0.686545
vn -0.003691 0.815122 0.579277
vn -0.003691 0.815122 0.579277
vn -0.002552 0.935635 0.352959
vn -0.002552 0.935635 0.352959
vn -0.001418 0.990739 0.135770
vn -0.001418 0.990739 0.135770
vn -0.000377 0.998315 -0.058033
vn -0.000377 0.998315 -0.058033
vn 0.000551 0.973955 -0.226740
vn 0.000551 0.973955 -0.226740
vn 0.001378 0.927457 -0.373928
vn 0.001378 0.927457 -0.373928
vn 0.002125 0.863569 -0.504226
vn 0.002125 0.863569 -0.504226
vn 0.002814 0.783368 -0.621552
vn 0.002814 0.783368 -0.621552
vn 0.003459 0.685157 -0.728388
vn 0.003459 0.685157 -0.728388
vn 0.004064 0.564894 -0.825153
vn 0.004064 0.564894 -0.825153
vn 0.004620 0.416543 -0.909104
vn 0.004620 0.416543 -0.909104
vn 0.005089 0.233213 -0.972412
vn 0.005089 0.233213 -0.972412
vn 0.005391 0.010835 -0.999927
vn 0.005391 0.010835 -0.999927
vn 0.005404 -0.243797 -0.969811
vn 0.005404 -0.243797 -0.969811
vn 0.005263 -0.375715 -0.926720
vn 0.005263 -0.375715 -0.926720
vn 0.004209 -0.727075 -0.686546
vn 0.004209 -0.727075 -0.686546
vn 0.003691 -0.815122 -0.579277
vn 0.003691 -0.815122 -0.579277
vn 0.002552 -0.935635 -0.352959
vn 0.002552 -0.935635 -0.352959
vn 0.001418 -0.990739 -0.135769
vn 0.001418 -0.990739 -0.135769
vn 0.000377 -0.998315 0.058033
vn 0.000377 -0.998315 0.058033
vn -0.000551 -0.973955 0.226740
vn -0.000551 -0.973955 0.226740
vn -0.001378 -0.927457 0.373928
vn -0.001378 -0.927457 0.373928
vn -0.002125 -0.863569 0.504226
vn -0.002125 -0.863569 0.504226
vn -0.002814 -0.783368 0.621552
vn -0.002814 -0.783368 0.621552
vn -0.003459 -0.685157 0.728387
vn -0.003459 -0.685157 0.728387
vn -0.004064 -0.564894 0.825153
vn -0.004064 -0.564894 0.825153
vn -0.004620 -0.416543 0.909104
vn -0.004620 -0.416543 0.909104
vn -0.005089 -0.233213 0.972412
vn -0.005089 -0.233213 0.972412
vn -0.005391 -0.010835 0.999927
vn -0.005391 -0.010835 0.999927
vn -0.005404 0.243797 0.969811
vn -0.005404 0.243797 0.969811
vn -0.005263 0.375715 0.926720
vn -0.005263 0.375715 0.926720
s 1
g Sides pCube8
usemtl initialShadingGroup
f 449/687/953 450/688/954 452/690/955 451/689/956
f 451/689/956 452/690/955 454/692/957 453/691/958
f 453/691/958 454/692/957 456/694/959 455/693/960
f 455/693/960 456/694/959 458/696/961 457/695/962
f 457/695/962 458/696/961 460/698/963 459/697/964
f 459/697/964 460/698/963 462/700/965 461/699/966
f 461/699/966 462/700/965 464/702/967 463/701/968
f 463/701/968 464/702/967 466/704/969 465/703/970
f 465/703/970 466/704/969 468/706/971 467/705/972
f 467/705/972 468/706/971 470/708/973 469/707/974
f 469/707/974 470/708/973 472/710/975 471/709/976
f 471/709/976 472/710/975 474/712/977 473/711/978
f 473/711/978 474/712/977 476/714/979 475/713/980
f 475/713/980 476/714/979 478/716/981 477/715/982
f 477/715/982 478/716/981 480/718/983 479/717/984
s off
f 479/717/985 480/718/986 482/720/987 481/719/988
s 2
f 481/719/989 482/720/990 484/722/991 483/721/992
f 483/721/992 484/722/991 486/724/993 485/723/994
f 485/723/994 486/724/993 488/726/995 487/725/996
f 487/725/996 488/726/995 490/728/997 489/727/998
f 489/727/998 490/728/997 492/730/999 491/729/1000
f 491/729/1000 492/730/999 494/732/1001 493/731/1002
f 493/731/1002 494/732/1001 496/734/1003 495/733/1004
f 495/733/1004 496/734/1003 498/736/1005 497/735/1006
f 497/735/1006 498/736/1005 500/738/1007 499/737/1008
f 499/737/1008 500/738/1007 502/740/1009 501/739/1010
f 501/739/1010 502/740/1009 504/742/1011 503/741/1012
f 503/741/1012 504/742/1011 506/744/1013 505/743/1014
f 505/743/1014 506/744/1013 508/746/1015 507/745/1016
f 507/745/1016 508/746/1015 510/748/1017 509/747/1018
f 509/747/1018 510/748/1017 512/750/1019 511/749/1020
s off
f 511/749/1021 512/750/1022 450/752/1023 449/751/1024
s 3
f 450/688/1025 512/753/1026 510/754/1027 452/690/1028
f 452/690/1028 510/754/1027 508/755/1029 454/692/1030
f 454/692/1030 508/755/1029 506/756/1031 456/694/1032
f 456/694/1032 506/756/1031 504/757/1033 458/696/1034
f 458/696/1034 504/757/1033 502/758/1035 460/698/1036
f 460/698/1036 502/758/1035 500/759/1037 462/700/1038
f 462/700/1038 500/759/1037 498/760/1039 464/702/1040
f 464/702/1040 498/760/1039 496/761/1041 466/704/1042
f 466/704/1042 496/761/1041 494/762/1043 468/706/1044
f 468/706/1044 494/762/1043 492/763/1045 470/708/1046
f 470/708/1046 492/763/1045 490/764/1047 472/710/1048
f 472/710/1048 490/764/1047 488/765/1049 474/712/1050
f 474/712/1050 488/765/1049 486/766/1051 476/714/1052
f 476/714/1052 486/766/1051 484/767/1053 478/716/1054
f 478/716/1054 484/767/1053 482/768/1055 480/718/1056
s 4
f 511/769/1057 449/687/1058 451/689/1059 509/770/1060
f 509/770/1060 451/689/1059 453/691/1061 507/771/1062
f 507/771/1062 453/691/1061 455/693/1063 505/772/1064
f 505/772/1064 455/693/1063 457/695/1065 503/773/1066
f 503/773/1066 457/695/1065 459/697/1067 501/774/1068
f 501/774/1068 459/697/1067 461/699/1069 499/775/1070
f 499/775/1070 461/699/1069 463/701/1071 497/776/1072
f 497/776/1072 463/701/1071 465/703/1073 495/777/1074
f 495/777/1074 465/703/1073 467/705/1075 493/778/1076
f 493/778/1076 467/705/1075 469/707/1077 491/779/1078
f 491/779/1078 469/707/1077 471/709/1079 489/780/1080
f 489/780/1080 471/709/1079 473/711/1081 487/781/1082
f 487/781/1082 473/711/1081 475/713/1083 485/782/1084
f 485/782/1084 475/713/1083 477/715/1085 483/783/1086
f 483/783/1086 477/715/1085 479/717/1087 481/784/1088
g default
v 0.436656 -2.402657 -0.089111
v 0.435614 -2.343199 0.096383
v 0.436564 -2.445021 -0.066535
v 0.435575 -2.360894 0.105813
v 0.436402 -2.481465 -0.031830
v 0.435508 -2.376116 0.120309
v 0.436177 -2.510495 0.013582
v 0.435413 -2.388241 0.139277
v 0.435898 -2.530922 0.067839
v 0.435297 -2.396773 0.161939
v 0.435577 -2.541908 0.128718
v 0.435163 -2.401362 0.187367
v 0.435227 -2.543004 0.193724
v 0.435017 -2.401820 0.214519
v 0.434862 -2.534165 0.260194
v 0.434864 -2.398128 0.242283
v 0.434497 -2.515752 0.325403
v 0.434712 -2.390437 0.269519
v 0.434147 -2.488521 0.386680
v 0.434566 -2.379063 0.295114
v 0.433827 -2.453586 0.441513
v 0.434432 -2.364472 0.318017
v 0.433549 -2.412381 0.487655
v 0.434316 -2.347261 0.337289
v 0.433326 -2.366593 0.523215
v 0.434223 -2.328136 0.352143
v 0.433165 -2.318099 0.546737
v 0.434156 -2.307881 0.361967
v 0.433074 -2.268885 0.557256
v 0.434118 -2.287325 0.366361
v 0.433057 -2.220969 0.554341
v 0.434110 -2.267311 0.365143
v -0.500263 -2.221614 0.549302
v -0.499209 -2.267957 0.360104
v -0.500245 -2.269530 0.552217
v -0.499202 -2.287970 0.361322
v -0.500154 -2.318744 0.541698
v -0.499164 -2.308526 0.356928
v -0.499994 -2.367238 0.518176
v -0.499097 -2.328781 0.347104
v -0.499770 -2.413026 0.482616
v -0.499003 -2.347906 0.332251
v -0.499493 -2.454232 0.436474
v -0.498887 -2.365117 0.312978
v -0.499172 -2.489166 0.381641
v -0.498754 -2.379708 0.290075
v -0.498823 -2.516397 0.320364
v -0.498608 -2.391083 0.264481
v -0.498458 -2.534810 0.255155
v -0.498455 -2.398773 0.237244
v -0.498093 -2.543649 0.188685
v -0.498303 -2.402465 0.209480
v -0.497743 -2.542553 0.123679
v -0.498157 -2.402008 0.182328
v -0.497422 -2.531567 0.062800
v -0.498022 -2.397419 0.156900
v -0.497143 -2.511140 0.008543
v -0.497906 -2.388887 0.134238
v -0.496918 -2.482110 -0.036869
v -0.497812 -2.376761 0.115270
v -0.496756 -2.445666 -0.071574
v -0.497744 -2.361539 0.100774
v -0.496663 -2.403302 -0.094150
v -0.497706 -2.343844 0.091344
vt 0.375000 0.000000
vt 0.625000 0.000000
vt 0.375000 0.016667
vt 0.625000 0.016667
vt 0.375000 0.033333
vt 0.625000 0.033333
vt 0.375000 0.050000
vt 0.625000 0.050000
vt 0.375000 0.066667
vt 0.625000 0.066667
vt 0.375000 0.083333
vt 0.625000 0.083333
vt 0.375000 0.100000
vt 0.625000 0.100000
vt 0.375000 0.116667
vt 0.625000 0.116667
vt 0.375000 0.133333
vt 0.625000 0.133333
vt 0.375000 0.150000
vt 0.625000 0.150000
vt 0.375000 0.166667
vt 0.625000 0.166667
vt 0.375000 0.183333
vt 0.625000 0.183333
vt 0.375000 0.200000
vt 0.625000 0.200000
vt 0.375000 0.216667
vt 0.625000 0.216667
vt 0.375000 0.233333
vt 0.625000 0.233333
vt 0.375000 0.250000
vt 0.625000 0.250000
vt 0.375000 0.500000
vt 0.625000 0.500000
vt 0.375000 0.516667
vt 0.625000 0.516667
vt 0.375000 0.533333
vt 0.625000 0.533333
vt 0.375000 0.550000
vt 0.625000 0.550000
vt 0.375000 0.566667
vt 0.625000 0.566667
vt 0.375000 0.583333
vt 0.625000 0.583333
vt 0.375000 0.600000
vt 0.625000 0.600000
vt 0.375000 0.616667
vt 0.625000 0.616667
vt 0.375000 0.633333
vt 0.625000 0.633333
vt 0.375000 0.650000
vt 0.625000 0.650000
vt 0.375000 0.666667
vt 0.625000 0.666667
vt 0.375000 0.683333
vt 0.625000 0.683333
vt 0.375000 0.700000
vt 0.625000 0.700000
vt 0.375000 0.716666
vt 0.625000 0.716666
vt 0.375000 0.733333
vt 0.625000 0.733333
vt 0.375000 0.750000
vt 0.625000 0.750000
vt 0.375000 1.000000
vt 0.625000 1.000000
vt 0.875000 0.000000
vt 0.875000 0.016667
vt 0.875000 0.033333
vt 0.875000 0.050000
vt 0.875000 0.066667
vt 0.875000 0.083333
vt 0.875000 0.100000
vt 0.875000 0.116667
vt 0.875000 0.133333
vt 0.875000 0.150000
vt 0.875000 0.166667
vt 0.875000 0.183333
vt 0.875000 0.200000
vt 0.875000 0.216667
vt 0.875000 0.233333
vt 0.875000 0.250000
vt 0.125000 0.000000
vt 0.125000 0.016667
vt 0.125000 0.033333
vt 0.125000 0.050000
vt 0.125000 0.066667
vt 0.125000 0.083333
vt 0.125000 0.100000
vt 0.125000 0.116667
vt 0.125000 0.133333
vt 0.125000 0.150000
vt 0.125000 0.166667
vt 0.125000 0.183333
vt 0.125000 0.200000
vt 0.125000 0.216667
vt 0.125000 0.233333
vt 0.125000 0.250000
vn 0.999985 0.000691 0.005399
vn 0.999985 0.000691 0.005399
vn 0.999985 0.000691 0.005399
vn 0.999985 0.000691 0.005399
vn 0.999985 0.000691 0.005399
vn 0.999985 0.000692 0.005399
vn 0.999985 0.000692 0.005399
vn 0.999985 0.000691 0.005399
vn 0.999985 0.000691 0.005399
vn 0.999985 0.000691 0.005399
vn 0.999985 0.000691 0.005399
vn 0.999985 0.000692 0.005399
vn 0.999985 0.000692 0.005399
vn 0.999985 0.000691 0.005399
vn 0.999985 0.000691 0.005399
vn 0.999985 0.000691 0.005399
vn 0.999985 0.000691 0.005399
vn 0.999985 0.000691 0.005399
vn 0.999985 0.000692 0.005399
vn 0.999985 0.000691 0.005399
vn 0.999985 0.000691 0.005399
vn 0.999985 0.000692 0.005399
vn 0.999985 0.000691 0.005399
vn 0.999985 0.000691 0.005399
vn 0.999985 0.000691 0.005399
vn 0.999985 0.000691 0.005399
vn 0.999985 0.000692 0.005399
vn 0.999985 0.000691 0.005399
vn 0.999985 0.000690 0.005399
vn 0.999985 0.000691 0.005399
vn 0.999985 0.000690 0.005399
vn 0.999985 0.000690 0.005399
vn 0.000613 0.971289 -0.237904
vn 0.000613 0.971289 -0.237904
vn 0.000613 0.971289 -0.237904
vn 0.000613 0.971289 -0.237904
vn -0.999985 -0.000691 -0.005399
vn -0.999985 -0.000691 -0.005399
vn -0.999985 -0.000691 -0.005399
vn -0.999985 -0.000691 -0.005399
vn -0.999985 -0.000691 -0.005399
vn -0.999985 -0.000691 -0.005399
vn -0.999985 -0.000691 -0.005399
vn -0.999985 -0.000691 -0.005399
vn -0.999985 -0.000691 -0.005399
vn -0.999985 -0.000691 -0.005399
vn -0.999985 -0.000691 -0.005399
vn -0.999985 -0.000691 -0.005399
vn -0.999985 -0.000691 -0.005399
vn -0.999985 -0.000691 -0.005399
vn -0.999985 -0.000691 -0.005399
vn -0.999985 -0.000691 -0.005399
vn -0.999985 -0.000691 -0.005399
vn -0.999985 -0.000691 -0.005399
vn -0.999985 -0.000691 -0.005399
vn -0.999985 -0.000691 -0.005399
vn -0.999985 -0.000692 -0.005399
vn -0.999985 -0.000691 -0.005399
vn -0.999985 -0.000691 -0.005399
vn -0.999985 -0.000692 -0.005399
vn -0.999985 -0.000691 -0.005399
vn -0.999985 -0.000691 -0.005399
vn -0.999985 -0.000691 -0.005399
vn -0.999985 -0.000691 -0.005399
vn -0.999985 -0.000692 -0.005399
vn -0.999985 -0.000691 -0.005399
vn -0.999985 -0.000693 -0.005398
vn -0.999985 -0.000693 -0.005398
vn 0.000990 0.952278 -0.305232
vn 0.000990 0.952278 -0.305232
vn 0.000990 0.952278 -0.305232
vn 0.000990 0.952278 -0.305232
vn -0.005090 0.470305 0.882489
vn -0.005090 0.470305 0.882489
vn -0.004774 0.587952 0.808881
vn -0.004774 0.587952 0.808881
vn -0.003952 0.774320 0.632782
vn -0.003952 0.774320 0.632782
vn -0.003019 0.895781 0.444486
vn -0.003019 0.895781 0.444486
vn -0.002088 0.964737 0.263206
vn -0.002088 0.964737 0.263206
vn -0.001204 0.995425 0.095535
vn -0.001204 0.995425 0.095535
vn -0.000373 0.998270 -0.058796
vn -0.000373 0.998270 -0.058796
vn 0.000417 0.979249 -0.202662
vn 0.000417 0.979249 -0.202662
vn 0.001182 0.940630 -0.339432
vn 0.001182 0.940630 -0.339432
vn 0.001939 0.881596 -0.472000
vn 0.001939 0.881596 -0.472000
vn 0.002698 0.798452 -0.602052
vn 0.002698 0.798452 -0.602052
vn 0.003462 0.684600 -0.728911
vn 0.003462 0.684600 -0.728911
vn 0.004208 0.531013 -0.847353
vn 0.004208 0.531013 -0.847353
vn 0.004871 0.329006 -0.944315
vn 0.004871 0.329006 -0.944315
vn 0.005328 0.078056 -0.996935
vn 0.005328 0.078056 -0.996935
vn 0.005431 -0.060715 -0.998140
vn 0.005431 -0.060715 -0.998140
vn 0.005090 -0.470305 -0.882489
vn 0.005090 -0.470305 -0.882489
vn 0.004774 -0.587952 -0.808882
vn 0.004774 -0.587952 -0.808882
vn 0.003952 -0.774320 -0.632782
vn 0.003952 -0.774320 -0.632782
vn 0.003019 -0.895781 -0.444486
vn 0.003019 -0.895781 -0.444486
vn 0.002088 -0.964737 -0.263206
vn 0.002088 -0.964737 -0.263206
vn 0.001204 -0.995425 -0.095535
vn 0.001204 -0.995425 -0.095535
vn 0.000373 -0.998270 0.058796
vn 0.000373 -0.998270 0.058796
vn -0.000417 -0.979249 0.202662
vn -0.000417 -0.979249 0.202662
vn -0.001182 -0.940630 0.339432
vn -0.001182 -0.940630 0.339432
vn -0.001939 -0.881596 0.472000
vn -0.001939 -0.881596 0.472000
vn -0.002698 -0.798452 0.602052
vn -0.002698 -0.798452 0.602052
vn -0.003462 -0.684600 0.728911
vn -0.003462 -0.684600 0.728911
vn -0.004208 -0.531013 0.847353
vn -0.004208 -0.531013 0.847353
vn -0.004871 -0.329006 0.944315
vn -0.004871 -0.329006 0.944315
vn -0.005328 -0.078056 0.996935
vn -0.005328 -0.078056 0.996935
vn -0.005431 0.060716 0.998140
vn -0.005431 0.060716 0.998140
s 1
g Sides pCube9
usemtl initialShadingGroup
f 513/785/1089 514/786/1090 516/788/1091 515/787/1092
f 515/787/1092 516/788/1091 518/790/1093 517/789/1094
f 517/789/1094 518/790/1093 520/792/1095 519/791/1096
f 519/791/1096 520/792/1095 522/794/1097 521/793/1098
f 521/793/1098 522/794/1097 524/796/1099 523/795/1100
f 523/795/1100 524/796/1099 526/798/1101 525/797/1102
f 525/797/1102 526/798/1101 528/800/1103 527/799/1104
f 527/799/1104 528/800/1103 530/802/1105 529/801/1106
f 529/801/1106 530/802/1105 532/804/1107 531/803/1108
f 531/803/1108 532/804/1107 534/806/1109 533/805/1110
f 533/805/1110 534/806/1109 536/808/1111 535/807/1112
f 535/807/1112 536/808/1111 538/810/1113 537/809/1114
f 537/809/1114 538/810/1113 540/812/1115 539/811/1116
f 539/811/1116 540/812/1115 542/814/1117 541/813/1118
f 541/813/1118 542/814/1117 544/816/1119 543/815/1120
s off
f 543/815/1121 544/816/1122 546/818/1123 545/817/1124
s 2
f 545/817/1125 546/818/1126 548/820/1127 547/819/1128
f 547/819/1128 548/820/1127 550/822/1129 549/821/1130
f 549/821/1130 550/822/1129 552/824/1131 551/823/1132
f 551/823/1132 552/824/1131 554/826/1133 553/825/1134
f 553/825/1134 554/826/1133 556/828/1135 555/827/1136
f 555/827/1136 556/828/1135 558/830/1137 557/829/1138
f 557/829/1138 558/830/1137 560/832/1139 559/831/1140
f 559/831/1140 560/832/1139 562/834/1141 561/833/1142
f 561/833/1142 562/834/1141 564/836/1143 563/835/1144
f 563/835/1144 564/836/1143 566/838/1145 565/837/1146
f 565/837/1146 566/838/1145 568/840/1147 567/839/1148
f 567/839/1148 568/840/1147 570/842/1149 569/841/1150
f 569/841/1150 570/842/1149 572/844/1151 571/843/1152
f 571/843/1152 572/844/1151 574/846/1153 573/845/1154
f 573/845/1154 574/846/1153 576/848/1155 575/847/1156
s off
f 575/847/1157 576/848/1158 514/850/1159 513/849/1160
s 3
f 514/786/1161 576/851/1162 574/852/1163 516/788/1164
f 516/788/1164 574/852/1163 572/853/1165 518/790/1166
f 518/790/1166 572/853/1165 570/854/1167 520/792/1168
f 520/792/1168 570/854/1167 568/855/1169 522/794/1170
f 522/794/1170 568/855/1169 566/856/1171 524/796/1172
f 524/796/1172 566/856/1171 564/857/1173 526/798/1174
f 526/798/1174 564/857/1173 562/858/1175 528/800/1176
f 528/800/1176 562/858/1175 560/859/1177 530/802/1178
f 530/802/1178 560/859/1177 558/860/1179 532/804/1180
f 532/804/1180 558/860/1179 556/861/1181 534/806/1182
f 534/806/1182 556/861/1181 554/862/1183 536/808/1184
f 536/808/1184 554/862/1183 552/863/1185 538/810/1186
f 538/810/1186 552/863/1185 550/864/1187 540/812/1188
f 540/812/1188 550/864/1187 548/865/1189 542/814/1190
f 542/814/1190 548/865/1189 546/866/1191 544/816/1192
s 4
f 575/867/1193 513/785/1194 515/787/1195 573/868/1196
f 573/868/1196 515/787/1195 517/789/1197 571/869/1198
f 571/869/1198 517/789/1197 519/791/1199 569/870/1200
f 569/870/1200 519/791/1199 521/793/1201 567/871/1202
f 567/871/1202 521/793/1201 523/795/1203 565/872/1204
f 565/872/1204 523/795/1203 525/797/1205 563/873/1206
f 563/873/1206 525/797/1205 527/799/1207 561/874/1208
f 561/874/1208 527/799/1207 529/801/1209 559/875/1210
f 559/875/1210 529/801/1209 531/803/1211 557/876/1212
f 557/876/1212 531/803/1211 533/805/1213 555/877/1214
f 555/877/1214 533/805/1213 535/807/1215 553/878/1216
f 553/878/1216 535/807/1215 537/809/1217 551/879/1218
f 551/879/1218 537/809/1217 539/811/1219 549/880/1220
f 549/880/1220 539/811/1219 541/813/1221 547/881/1222
f 547/881/1222 541/813/1221 543/815/1223 545/882/1224
g default
v 0.438901 -2.312300 -0.577666
v 0.437858 -2.322195 -0.383127
v 0.438901 -2.359908 -0.571508
v 0.437858 -2.342080 -0.380555
v 0.438827 -2.406261 -0.551912
v 0.437827 -2.361441 -0.372370
v 0.438683 -2.449460 -0.519681
v 0.437767 -2.379484 -0.358907
v 0.438474 -2.487735 -0.476136
v 0.437680 -2.395471 -0.340719
v 0.438210 -2.519517 -0.423062
v 0.437569 -2.408746 -0.318551
v 0.437900 -2.543503 -0.362632
v 0.437440 -2.418765 -0.293311
v 0.437558 -2.558712 -0.297325
v 0.437297 -2.425117 -0.266033
v 0.437198 -2.564519 -0.229815
v 0.437146 -2.427543 -0.237835
v 0.436834 -2.560686 -0.162870
v 0.436994 -2.425942 -0.209873
v 0.436481 -2.547372 -0.099232
v 0.436847 -2.420381 -0.183293
v 0.436154 -2.525120 -0.041510
v 0.436710 -2.411086 -0.159183
v 0.435866 -2.494844 0.007931
v 0.436590 -2.398441 -0.138532
v 0.435629 -2.457784 0.047065
v 0.436491 -2.382961 -0.122186
v 0.435453 -2.415458 0.074289
v 0.436417 -2.365282 -0.110816
v 0.435344 -2.369601 0.088486
v 0.436372 -2.346129 -0.104886
v -0.497975 -2.370246 0.083447
v -0.496947 -2.346774 -0.109925
v -0.497867 -2.416103 0.069250
v -0.496902 -2.365928 -0.115855
v -0.497690 -2.458429 0.042026
v -0.496828 -2.383606 -0.127225
v -0.497454 -2.495489 0.002892
v -0.496729 -2.399086 -0.143571
v -0.497166 -2.525766 -0.046549
v -0.496609 -2.411732 -0.164222
v -0.496839 -2.548017 -0.104271
v -0.496473 -2.421026 -0.188331
v -0.496486 -2.561332 -0.167909
v -0.496325 -2.426587 -0.214912
v -0.496122 -2.565164 -0.234854
v -0.496173 -2.428188 -0.242874
v -0.495761 -2.559357 -0.302364
v -0.496023 -2.425762 -0.271072
v -0.495419 -2.544148 -0.367671
v -0.495880 -2.419410 -0.298350
v -0.495110 -2.520162 -0.428101
v -0.495750 -2.409391 -0.323590
v -0.494845 -2.488380 -0.481175
v -0.495640 -2.396116 -0.345758
v -0.494636 -2.450105 -0.524720
v -0.495553 -2.380130 -0.363946
v -0.494492 -2.406906 -0.556951
v -0.495493 -2.362086 -0.377409
v -0.494419 -2.360553 -0.576547
v -0.495462 -2.342725 -0.385594
v -0.494418 -2.312946 -0.582705
v -0.495462 -2.322840 -0.388166
vt 0.375000 0.000000
vt 0.625000 0.000000
vt 0.375000 0.016667
vt 0.625000 0.016667
vt 0.375000 0.033333
vt 0.625000 0.033333
vt 0.375000 0.050000
vt 0.625000 0.050000
vt 0.375000 0.066667
vt 0.625000 0.066667
vt 0.375000 0.083333
vt 0.625000 0.083333
vt 0.375000 0.100000
vt 0.625000 0.100000
vt 0.375000 0.116667
vt 0.625000 0.116667
vt 0.375000 0.133333
vt 0.625000 0.133333
vt 0.375000 0.150000
vt 0.625000 0.150000
vt 0.375000 0.166667
vt 0.625000 0.166667
vt 0.375000 0.183333
vt 0.625000 0.183333
vt 0.375000 0.200000
vt 0.625000 0.200000
vt 0.375000 0.216667
vt 0.625000 0.216667
vt 0.375000 0.233333
vt 0.625000 0.233333
vt 0.375000 0.250000
vt 0.625000 0.250000
vt 0.375000 0.500000
vt 0.625000 0.500000
vt 0.375000 0.516667
vt 0.625000 0.516667
vt 0.375000 0.533333
vt 0.625000 0.533333
vt 0.375000 0.550000
vt 0.625000 0.550000
vt 0.375000 0.566667
vt 0.625000 0.566667
vt 0.375000 0.583333
vt 0.625000 0.583333
vt 0.375000 0.600000
vt 0.625000 0.600000
vt 0.375000 0.616667
vt 0.625000 0.616667
vt 0.375000 0.633333
vt 0.625000 0.633333
vt 0.375000 0.650000
vt 0.625000 0.650000
vt 0.375000 0.666667
vt 0.625000 0.666667
vt 0.375000 0.683333
vt 0.625000 0.683333
vt 0.375000 0.700000
vt 0.625000 0.700000
vt 0.375000 0.716666
vt 0.625000 0.716666
vt 0.375000 0.733333
vt 0.625000 0.733333
vt 0.375000 0.750000
vt 0.625000 0.750000
vt 0.375000 1.000000
vt 0.625000 1.000000
vt 0.875000 0.000000
vt 0.875000 0.016667
vt 0.875000 0.033333
vt 0.875000 0.050000
vt 0.875000 0.066667
vt 0.875000 0.083333
vt 0.875000 0.100000
vt 0.875000 0.116667
vt 0.875000 0.133333
vt 0.875000 0.150000
vt 0.875000 0.166667
vt 0.875000 0.183333
vt 0.875000 0.200000
vt 0.875000 0.216667
vt 0.875000 0.233333
vt 0.875000 0.250000
vt 0.125000 0.000000
vt 0.125000 0.016667
vt 0.125000 0.033333
vt 0.125000 0.050000
vt 0.125000 0.066667
vt 0.125000 0.083333
vt 0.125000 0.100000
vt 0.125000 0.116667
vt 0.125000 0.133333
vt 0.125000 0.150000
vt 0.125000 0.166667
vt 0.125000 0.183333
vt 0.125000 0.200000
vt 0.125000 0.216667
vt 0.125000 0.233333
vt 0.125000 0.250000
vn 0.999985 0.000691 0.005399
vn 0.999985 0.000691 0.005399
vn 0.999985 0.000691 0.005399
vn 0.999985 0.000691 0.005399
vn 0.999985 0.000692 0.005399
vn 0.999985 0.000692 0.005399
vn 0.999985 0.000692 0.005399
vn 0.999985 0.000691 0.005399
vn 0.999985 0.000691 0.005399
vn 0.999985 0.000691 0.005399
vn 0.999985 0.000691 0.005399
vn 0.999985 0.000692 0.005399
vn 0.999985 0.000692 0.005399
vn 0.999985 0.000691 0.005399
vn 0.999985 0.000691 0.005399
vn 0.999985 0.000691 0.005399
vn 0.999985 0.000691 0.005399
vn 0.999985 0.000691 0.005399
vn 0.999985 0.000692 0.005399
vn 0.999985 0.000691 0.005399
vn 0.999985 0.000691 0.005399
vn 0.999985 0.000692 0.005399
vn 0.999985 0.000691 0.005399
vn 0.999985 0.000691 0.005399
vn 0.999985 0.000691 0.005399
vn 0.999985 0.000691 0.005399
vn 0.999985 0.000692 0.005399
vn 0.999985 0.000691 0.005399
vn 0.999985 0.000690 0.005399
vn 0.999985 0.000691 0.005399
vn 0.999985 0.000690 0.005399
vn 0.999985 0.000690 0.005399
vn -0.001337 0.992713 0.120494
vn -0.001337 0.992713 0.120494
vn -0.001337 0.992713 0.120494
vn -0.001337 0.992713 0.120494
vn -0.999985 -0.000691 -0.005399
vn -0.999985 -0.000691 -0.005399
vn -0.999985 -0.000691 -0.005399
vn -0.999985 -0.000691 -0.005399
vn -0.999985 -0.000691 -0.005399
vn -0.999985 -0.000691 -0.005399
vn -0.999985 -0.000691 -0.005399
vn -0.999985 -0.000691 -0.005399
vn -0.999985 -0.000691 -0.005399
vn -0.999985 -0.000691 -0.005399
vn -0.999985 -0.000691 -0.005399
vn -0.999985 -0.000691 -0.005399
vn -0.999985 -0.000691 -0.005399
vn -0.999985 -0.000691 -0.005399
vn -0.999985 -0.000691 -0.005399
vn -0.999985 -0.000691 -0.005399
vn -0.999985 -0.000691 -0.005399
vn -0.999985 -0.000691 -0.005399
vn -0.999985 -0.000691 -0.005399
vn -0.999985 -0.000691 -0.005399
vn -0.999985 -0.000692 -0.005399
vn -0.999985 -0.000691 -0.005399
vn -0.999985 -0.000691 -0.005399
vn -0.999985 -0.000692 -0.005399
vn -0.999985 -0.000691 -0.005399
vn -0.999985 -0.000691 -0.005399
vn -0.999985 -0.000691 -0.005399
vn -0.999985 -0.000691 -0.005399
vn -0.999985 -0.000692 -0.005399
vn -0.999985 -0.000691 -0.005399
vn -0.999985 -0.000693 -0.005399
vn -0.999985 -0.000693 -0.005399
vn -0.000965 0.998709 0.050791
vn -0.000965 0.998709 0.050791
vn -0.000965 0.998709 0.050791
vn -0.000965 0.998709 0.050791
vn -0.005443 0.128282 0.991723
vn -0.005443 0.128282 0.991723
vn -0.005390 0.264346 0.964413
vn -0.005390 0.264346 0.964413
vn -0.005019 0.500902 0.865490
vn -0.005019 0.500902 0.865490
vn -0.004424 0.681042 0.732231
vn -0.004424 0.681042 0.732231
vn -0.003729 0.809585 0.586991
vn -0.003729 0.809585 0.586991
vn -0.003001 0.897518 0.440967
vn -0.003001 0.897518 0.440967
vn -0.002267 0.954692 0.297587
vn -0.002267 0.954692 0.297587
vn -0.001527 0.987712 0.156276
vn -0.001527 0.987712 0.156276
vn -0.000771 0.999892 0.014681
vn -0.000771 0.999892 0.014681
vn 0.000017 0.991489 -0.130193
vn 0.000017 0.991489 -0.130193
vn 0.000855 0.959640 -0.281230
vn 0.000855 0.959640 -0.281230
vn 0.001755 0.897935 -0.440125
vn 0.001755 0.897935 -0.440125
vn 0.002717 0.796083 -0.605181
vn 0.002717 0.796083 -0.605181
vn 0.003699 0.641345 -0.767243
vn 0.003699 0.641346 -0.767243
vn 0.004593 0.425157 -0.905108
vn 0.004593 0.425157 -0.905108
vn 0.004953 0.295756 -0.955251
vn 0.004953 0.295756 -0.955251
vn 0.005443 -0.128282 -0.991723
vn 0.005443 -0.128282 -0.991723
vn 0.005390 -0.264345 -0.964413
vn 0.005390 -0.264345 -0.964413
vn 0.005019 -0.500902 -0.865490
vn 0.005019 -0.500902 -0.865490
vn 0.004424 -0.681042 -0.732231
vn 0.004424 -0.681042 -0.732231
vn 0.003729 -0.809585 -0.586991
vn 0.003729 -0.809584 -0.586991
vn 0.003001 -0.897518 -0.440967
vn 0.003001 -0.897518 -0.440967
vn 0.002267 -0.954692 -0.297587
vn 0.002267 -0.954692 -0.297587
vn 0.001527 -0.987712 -0.156276
vn 0.001527 -0.987712 -0.156276
vn 0.000771 -0.999892 -0.014681
vn 0.000771 -0.999892 -0.014681
vn -0.000017 -0.991489 0.130193
vn -0.000017 -0.991489 0.130193
vn -0.000855 -0.959640 0.281230
vn -0.000855 -0.959640 0.281230
vn -0.001755 -0.897935 0.440125
vn -0.001755 -0.897935 0.440125
vn -0.002717 -0.796083 0.605181
vn -0.002717 -0.796083 0.605181
vn -0.003699 -0.641345 0.767243
vn -0.003699 -0.641345 0.767243
vn -0.004593 -0.425157 0.905108
vn -0.004593 -0.425157 0.905108
vn -0.004953 -0.295756 0.955251
vn -0.004953 -0.295756 0.955251
s 1
g Sides pCube10
usemtl initialShadingGroup
f 577/883/1225 578/884/1226 580/886/1227 579/885/1228
f 579/885/1228 580/886/1227 582/888/1229 581/887/1230
f 581/887/1230 582/888/1229 584/890/1231 583/889/1232
f 583/889/1232 584/890/1231 586/892/1233 585/891/1234
f 585/891/1234 586/892/1233 588/894/1235 587/893/1236
f 587/893/1236 588/894/1235 590/896/1237 589/895/1238
f 589/895/1238 590/896/1237 592/898/1239 591/897/1240
f 591/897/1240 592/898/1239 594/900/1241 593/899/1242
f 593/899/1242 594/900/1241 596/902/1243 595/901/1244
f 595/901/1244 596/902/1243 598/904/1245 597/903/1246
f 597/903/1246 598/904/1245 600/906/1247 599/905/1248
f 599/905/1248 600/906/1247 602/908/1249 601/907/1250
f 601/907/1250 602/908/1249 604/910/1251 603/909/1252
f 603/909/1252 604/910/1251 606/912/1253 605/911/1254
f 605/911/1254 606/912/1253 608/914/1255 607/913/1256
s off
f 607/913/1257 608/914/1258 610/916/1259 609/915/1260
s 2
f 609/915/1261 610/916/1262 612/918/1263 611/917/1264
f 611/917/1264 612/918/1263 614/920/1265 613/919/1266
f 613/919/1266 614/920/1265 616/922/1267 615/921/1268
f 615/921/1268 616/922/1267 618/924/1269 617/923/1270
f 617/923/1270 618/924/1269 620/926/1271 619/925/1272
f 619/925/1272 620/926/1271 622/928/1273 621/927/1274
f 621/927/1274 622/928/1273 624/930/1275 623/929/1276
f 623/929/1276 624/930/1275 626/932/1277 625/931/1278
f 625/931/1278 626/932/1277 628/934/1279 627/933/1280
f 627/933/1280 628/934/1279 630/936/1281 629/935/1282
f 629/935/1282 630/936/1281 632/938/1283 631/937/1284
f 631/937/1284 632/938/1283 634/940/1285 633/939/1286
f 633/939/1286 634/940/1285 636/942/1287 635/941/1288
f 635/941/1288 636/942/1287 638/944/1289 637/943/1290
f 637/943/1290 638/944/1289 640/946/1291 639/945/1292
s off
f 639/945/1293 640/946/1294 578/948/1295 577/947/1296
s 3
f 578/884/1297 640/949/1298 638/950/1299 580/886/1300
f 580/886/1300 638/950/1299 636/951/1301 582/888/1302
f 582/888/1302 636/951/1301 634/952/1303 584/890/1304
f 584/890/1304 634/952/1303 632/953/1305 586/892/1306
f 586/892/1306 632/953/1305 630/954/1307 588/894/1308
f 588/894/1308 630/954/1307 628/955/1309 590/896/1310
f 590/896/1310 628/955/1309 626/956/1311 592/898/1312
f 592/898/1312 626/956/1311 624/957/1313 594/900/1314
f 594/900/1314 624/957/1313 622/958/1315 596/902/1316
f 596/902/1316 622/958/1315 620/959/1317 598/904/1318
f 598/904/1318 620/959/1317 618/960/1319 600/906/1320
f 600/906/1320 618/960/1319 616/961/1321 602/908/1322
f 602/908/1322 616/961/1321 614/962/1323 604/910/1324
f 604/910/1324 614/962/1323 612/963/1325 606/912/1326
f 606/912/1326 612/963/1325 610/964/1327 608/914/1328
s 4
f 639/965/1329 577/883/1330 579/885/1331 637/966/1332
f 637/966/1332 579/885/1331 581/887/1333 635/967/1334
f 635/967/1334 581/887/1333 583/889/1335 633/968/1336
f 633/968/1336 583/889/1335 585/891/1337 631/969/1338
f 631/969/1338 585/891/1337 587/893/1339 629/970/1340
f 629/970/1340 587/893/1339 589/895/1341 627/971/1342
f 627/971/1342 589/895/1341 591/897/1343 625/972/1344
f 625/972/1344 591/897/1343 593/899/1345 623/973/1346
f 623/973/1346 593/899/1345 595/901/1347 621/974/1348
f 621/974/1348 595/901/1347 597/903/1349 619/975/1350
f 619/975/1350 597/903/1349 599/905/1351 617/976/1352
f 617/976/1352 599/905/1351 601/907/1353 615/977/1354
f 615/977/1354 601/907/1353 603/909/1355 613/978/1356
f 613/978/1356 603/909/1355 605/911/1357 611/979/1358
f 611/979/1358 605/911/1357 607/913/1359 609/980/1360
g default
v 0.442827 -2.017593 -0.995835
v 0.441932 -2.100155 -0.819406
v 0.442926 -2.064006 -1.008094
v 0.441973 -2.119540 -0.824526
v 0.442957 -2.114326 -1.007434
v 0.441986 -2.140559 -0.824250
v 0.442920 -2.166493 -0.993883
v 0.441970 -2.162348 -0.818590
v 0.442816 -2.218368 -0.967997
v 0.441927 -2.184015 -0.807778
v 0.442649 -2.267826 -0.930835
v 0.441858 -2.204673 -0.792256
v 0.442427 -2.312839 -0.883922
v 0.441765 -2.223474 -0.772661
v 0.442158 -2.351564 -0.829178
v 0.441652 -2.239649 -0.749796
v 0.441854 -2.382413 -0.768849
v 0.441525 -2.252534 -0.724597
v 0.441527 -2.404122 -0.705405
v 0.441389 -2.261602 -0.698098
v 0.441189 -2.415801 -0.641447
v 0.441248 -2.266480 -0.671383
v 0.440856 -2.416972 -0.579595
v 0.441109 -2.266969 -0.645549
v 0.440541 -2.407588 -0.522386
v 0.440977 -2.263049 -0.621653
v 0.440256 -2.388031 -0.472161
v 0.440858 -2.254881 -0.600675
v 0.440014 -2.359105 -0.430981
v 0.440757 -2.242799 -0.583475
v 0.439824 -2.321994 -0.400532
v 0.440677 -2.227298 -0.570757
v -0.493496 -2.322639 -0.405571
v -0.492642 -2.227943 -0.575796
v -0.493306 -2.359750 -0.436020
v -0.492563 -2.243444 -0.588514
v -0.493063 -2.388677 -0.477200
v -0.492462 -2.255526 -0.605714
v -0.492779 -2.408233 -0.527424
v -0.492343 -2.263694 -0.626692
v -0.492463 -2.417618 -0.584634
v -0.492211 -2.267614 -0.650588
v -0.492130 -2.416446 -0.646486
v -0.492072 -2.267125 -0.676422
v -0.491793 -2.404767 -0.710444
v -0.491931 -2.262247 -0.703136
v -0.491465 -2.383058 -0.773887
v -0.491794 -2.253179 -0.729636
v -0.491161 -2.352209 -0.834217
v -0.491667 -2.240294 -0.754835
v -0.490892 -2.313485 -0.888960
v -0.491555 -2.224120 -0.777700
v -0.490670 -2.268471 -0.935874
v -0.491462 -2.205318 -0.797295
v -0.490504 -2.219014 -0.973036
v -0.491392 -2.184661 -0.812817
v -0.490400 -2.167139 -0.998922
v -0.491349 -2.162993 -0.823629
v -0.490363 -2.114972 -1.012473
v -0.491334 -2.141204 -0.829289
v -0.490394 -2.064651 -1.013133
v -0.491347 -2.120186 -0.829565
v -0.490492 -2.018238 -1.000874
v -0.491388 -2.100800 -0.824445
vt 0.375000 0.000000
vt 0.625000 0.000000
vt 0.375000 0.016667
vt 0.625000 0.016667
vt 0.375000 0.033333
vt 0.625000 0.033333
vt 0.375000 0.050000
vt 0.625000 0.050000
vt 0.375000 0.066667
vt 0.625000 0.066667
vt 0.375000 0.083333
vt 0.625000 0.083333
vt 0.375000 0.100000
vt 0.625000 0.100000
vt 0.375000 0.116667
vt 0.625000 0.116667
vt 0.375000 0.133333
vt 0.625000 0.133333
vt 0.375000 0.150000
vt 0.625000 0.150000
vt 0.375000 0.166667
vt 0.625000 0.166667
vt 0.375000 0.183333
vt 0.625000 0.183333
vt 0.375000 0.200000
vt 0.625000 0.200000
vt 0.375000 0.216667
vt 0.625000 0.216667
vt 0.375000 0.233333
vt 0.625000 0.233333
vt 0.375000 0.250000
vt 0.625000 0.250000
vt 0.375000 0.500000
vt 0.625000 0.500000
vt 0.375000 0.516667
vt 0.625000 0.516667
vt 0.375000 0.533333
vt 0.625000 0.533333
vt 0.375000 0.550000
vt 0.625000 0.550000
vt 0.375000 0.566667
vt 0.625000 0.566667
vt 0.375000 0.583333
vt 0.625000 0.583333
vt 0.375000 0.600000
vt 0.625000 0.600000
vt 0.375000 0.616667
vt 0.625000 0.616667
vt 0.375000 0.633333
vt 0.625000 0.633333
vt 0.375000 0.650000
vt 0.625000 0.650000
vt 0.375000 0.666667
vt 0.625000 0.666667
vt 0.375000 0.683333
vt 0.625000 0.683333
vt 0.375000 0.700000
vt 0.625000 0.700000
vt 0.375000 0.716666
vt 0.625000 0.716666
vt 0.375000 0.733333
vt 0.625000 0.733333
vt 0.375000 0.750000
vt 0.625000 0.750000
vt 0.375000 1.000000
vt 0.625000 1.000000
vt 0.875000 0.000000
vt 0.875000 0.016667
vt 0.875000 0.033333
vt 0.875000 0.050000
vt 0.875000 0.066667
vt 0.875000 0.083333
vt 0.875000 0.100000
vt 0.875000 0.116667
vt 0.875000 0.133333
vt 0.875000 0.150000
vt 0.875000 0.166667
vt 0.875000 0.183333
vt 0.875000 0.200000
vt 0.875000 0.216667
vt 0.875000 0.233333
vt 0.875000 0.250000
vt 0.125000 0.000000
vt 0.125000 0.016667
vt 0.125000 0.033333
vt 0.125000 0.050000
vt 0.125000 0.066667
vt 0.125000 0.083333
vt 0.125000 0.100000
vt 0.125000 0.116667
vt 0.125000 0.133333
vt 0.125000 0.150000
vt 0.125000 0.166667
vt 0.125000 0.183333
vt 0.125000 0.200000
vt 0.125000 0.216667
vt 0.125000 0.233333
vt 0.125000 0.250000
vn 0.999985 0.000691 0.005399
vn 0.999985 0.000691 0.005399
vn 0.999985 0.000691 0.005399
vn 0.999985 0.000691 0.005399
vn 0.999985 0.000691 0.005399
vn 0.999985 0.000692 0.005399
vn 0.999985 0.000692 0.005399
vn 0.999985 0.000691 0.005399
vn 0.999985 0.000691 0.005399
vn 0.999985 0.000691 0.005399
vn 0.999985 0.000691 0.005399
vn 0.999985 0.000692 0.005399
vn 0.999985 0.000692 0.005399
vn 0.999985 0.000691 0.005399
vn 0.999985 0.000691 0.005399
vn 0.999985 0.000691 0.005399
vn 0.999985 0.000691 0.005399
vn 0.999985 0.000691 0.005399
vn 0.999985 0.000692 0.005399
vn 0.999985 0.000691 0.005399
vn 0.999985 0.000691 0.005399
vn 0.999985 0.000692 0.005399
vn 0.999985 0.000691 0.005399
vn 0.999985 0.000691 0.005399
vn 0.999985 0.000691 0.005399
vn 0.999985 0.000691 0.005399
vn 0.999985 0.000692 0.005399
vn 0.999985 0.000691 0.005399
vn 0.999985 0.000691 0.005398
vn 0.999985 0.000691 0.005399
vn 0.999985 0.000690 0.005398
vn 0.999985 0.000690 0.005398
vn -0.003229 0.873885 0.486123
vn -0.003229 0.873885 0.486123
vn -0.003229 0.873885 0.486123
vn -0.003229 0.873885 0.486123
vn -0.999985 -0.000691 -0.005399
vn -0.999985 -0.000691 -0.005399
vn -0.999985 -0.000691 -0.005399
vn -0.999985 -0.000691 -0.005399
vn -0.999985 -0.000691 -0.005399
vn -0.999985 -0.000691 -0.005399
vn -0.999985 -0.000691 -0.005399
vn -0.999985 -0.000691 -0.005399
vn -0.999985 -0.000691 -0.005399
vn -0.999985 -0.000691 -0.005399
vn -0.999985 -0.000691 -0.005399
vn -0.999985 -0.000691 -0.005399
vn -0.999985 -0.000691 -0.005399
vn -0.999985 -0.000691 -0.005399
vn -0.999985 -0.000691 -0.005399
vn -0.999985 -0.000691 -0.005399
vn -0.999985 -0.000691 -0.005399
vn -0.999985 -0.000691 -0.005399
vn -0.999985 -0.000691 -0.005399
vn -0.999985 -0.000691 -0.005399
vn -0.999985 -0.000692 -0.005399
vn -0.999985 -0.000691 -0.005399
vn -0.999985 -0.000691 -0.005399
vn -0.999985 -0.000692 -0.005399
vn -0.999985 -0.000691 -0.005399
vn -0.999985 -0.000691 -0.005399
vn -0.999985 -0.000691 -0.005399
vn -0.999985 -0.000691 -0.005399
vn -0.999985 -0.000692 -0.005399
vn -0.999985 -0.000691 -0.005399
vn -0.999985 -0.000693 -0.005400
vn -0.999985 -0.000693 -0.005400
vn -0.002914 0.905736 0.423832
vn -0.002914 0.905736 0.423832
vn -0.002914 0.905736 0.423832
vn -0.002914 0.905736 0.423832
vn -0.005043 -0.255369 0.966831
vn -0.005043 -0.255369 0.966831
vn -0.005278 -0.119057 0.992873
vn -0.005278 -0.119057 0.992873
vn -0.005443 0.137339 0.990509
vn -0.005443 0.137339 0.990509
vn -0.005293 0.354444 0.935062
vn -0.005293 0.354444 0.935062
vn -0.004949 0.528284 0.849053
vn -0.004949 0.528284 0.849053
vn -0.004493 0.664813 0.746996
vn -0.004493 0.664813 0.746996
vn -0.003966 0.771858 0.635783
vn -0.003966 0.771858 0.635783
vn -0.003385 0.855753 0.517373
vn -0.003385 0.855753 0.517373
vn -0.002746 0.920456 0.390837
vn -0.002746 0.920456 0.390837
vn -0.002037 0.967333 0.253499
vn -0.002037 0.967333 0.253499
vn -0.001236 0.994824 0.101609
vn -0.001236 0.994824 0.101609
vn -0.000318 0.997629 -0.068824
vn -0.000318 0.997629 -0.068824
vn 0.000737 0.965579 -0.260108
vn 0.000737 0.965579 -0.260108
vn 0.001919 0.883422 -0.468574
vn 0.001919 0.883422 -0.468574
vn 0.003151 0.735227 -0.677814
vn 0.003151 0.735227 -0.677814
vn 0.003735 0.634308 -0.773072
vn 0.003735 0.634308 -0.773072
vn 0.005043 0.255369 -0.966830
vn 0.005043 0.255369 -0.966830
vn 0.005278 0.119058 -0.992873
vn 0.005278 0.119058 -0.992873
vn 0.005443 -0.137339 -0.990509
vn 0.005443 -0.137339 -0.990509
vn 0.005293 -0.354444 -0.935062
vn 0.005293 -0.354444 -0.935062
vn 0.004949 -0.528284 -0.849053
vn 0.004949 -0.528284 -0.849053
vn 0.004493 -0.664813 -0.746996
vn 0.004493 -0.664813 -0.746996
vn 0.003966 -0.771858 -0.635783
vn 0.003966 -0.771858 -0.635783
vn 0.003385 -0.855753 -0.517373
vn 0.003385 -0.855753 -0.517373
vn 0.002746 -0.920456 -0.390838
vn 0.002746 -0.920456 -0.390838
vn 0.002037 -0.967333 -0.253500
vn 0.002037 -0.967333 -0.253500
vn 0.001236 -0.994824 -0.101609
vn 0.001236 -0.994824 -0.101609
vn 0.000318 -0.997629 0.068824
vn 0.000318 -0.997629 0.068824
vn -0.000737 -0.965579 0.260108
vn -0.000737 -0.965579 0.260108
vn -0.001919 -0.883422 0.468574
vn -0.001919 -0.883422 0.468574
vn -0.003151 -0.735227 0.677814
vn -0.003151 -0.735227 0.677814
vn -0.003735 -0.634308 0.773072
vn -0.003735 -0.634308 0.773072
s 1
g Sides pCube11
usemtl initialShadingGroup
f 641/981/1361 642/982/1362 644/984/1363 643/983/1364
f 643/983/1364 644/984/1363 646/986/1365 645/985/1366
f 645/985/1366 646/986/1365 648/988/1367 647/987/1368
f 647/987/1368 648/988/1367 650/990/1369 649/989/1370
f 649/989/1370 650/990/1369 652/992/1371 651/991/1372
f 651/991/1372 652/992/1371 654/994/1373 653/993/1374
f 653/993/1374 654/994/1373 656/996/1375 655/995/1376
f 655/995/1376 656/996/1375 658/998/1377 657/997/1378
f 657/997/1378 658/998/1377 660/1000/1379 659/999/1380
f 659/999/1380 660/1000/1379 662/1002/1381 661/1001/1382
f 661/1001/1382 662/1002/1381 664/1004/1383 663/1003/1384
f 663/1003/1384 664/1004/1383 666/1006/1385 665/1005/1386
f 665/1005/1386 666/1006/1385 668/1008/1387 667/1007/1388
f 667/1007/1388 668/1008/1387 670/1010/1389 669/1009/1390
f 669/1009/1390 670/1010/1389 672/1012/1391 671/1011/1392
s off
f 671/1011/1393 672/1012/1394 674/1014/1395 673/1013/1396
s 2
f 673/1013/1397 674/1014/1398 676/1016/1399 675/1015/1400
f 675/1015/1400 676/1016/1399 678/1018/1401 677/1017/1402
f 677/1017/1402 678/1018/1401 680/1020/1403 679/1019/1404
f 679/1019/1404 680/1020/1403 682/1022/1405 681/1021/1406
f 681/1021/1406 682/1022/1405 684/1024/1407 683/1023/1408
f 683/1023/1408 684/1024/1407 686/1026/1409 685/1025/1410
f 685/1025/1410 686/1026/1409 688/1028/1411 687/1027/1412
f 687/1027/1412 688/1028/1411 690/1030/1413 689/1029/1414
f 689/1029/1414 690/1030/1413 692/1032/1415 691/1031/1416
f 691/1031/1416 692/1032/1415 694/1034/1417 693/1033/1418
f 693/1033/1418 694/1034/1417 696/1036/1419 695/1035/1420
f 695/1035/1420 696/1036/1419 698/1038/1421 697/1037/1422
f 697/1037/1422 698/1038/1421 700/1040/1423 699/1039/1424
f 699/1039/1424 700/1040/1423 702/1042/1425 701/1041/1426
f 701/1041/1426 702/1042/1425 704/1044/1427 703/1043/1428
s off
f 703/1043/1429 704/1044/1430 642/1046/1431 641/1045/1432
s 3
f 642/982/1433 704/1047/1434 702/1048/1435 644/984/1436
f 644/984/1436 702/1048/1435 700/1049/1437 646/986/1438
f 646/986/1438 700/1049/1437 698/1050/1439 648/988/1440
f 648/988/1440 698/1050/1439 696/1051/1441 650/990/1442
f 650/990/1442 696/1051/1441 694/1052/1443 652/992/1444
f 652/992/1444 694/1052/1443 692/1053/1445 654/994/1446
f 654/994/1446 692/1053/1445 690/1054/1447 656/996/1448
f 656/996/1448 690/1054/1447 688/1055/1449 658/998/1450
f 658/998/1450 688/1055/1449 686/1056/1451 660/1000/1452
f 660/1000/1452 686/1056/1451 684/1057/1453 662/1002/1454
f 662/1002/1454 684/1057/1453 682/1058/1455 664/1004/1456
f 664/1004/1456 682/1058/1455 680/1059/1457 666/1006/1458
f 666/1006/1458 680/1059/1457 678/1060/1459 668/1008/1460
f 668/1008/1460 678/1060/1459 676/1061/1461 670/1010/1462
f 670/1010/1462 676/1061/1461 674/1062/1463 672/1012/1464
s 4
f 703/1063/1465 641/981/1466 643/983/1467 701/1064/1468
f 701/1064/1468 643/983/1467 645/985/1469 699/1065/1470
f 699/1065/1470 645/985/1469 647/987/1471 697/1066/1472
f 697/1066/1472 647/987/1471 649/989/1473 695/1067/1474
f 695/1067/1474 649/989/1473 651/991/1475 693/1068/1476
f 693/1068/1476 651/991/1475 653/993/1477 691/1069/1478
f 691/1069/1478 653/993/1477 655/995/1479 689/1070/1480
f 689/1070/1480 655/995/1479 657/997/1481 687/1071/1482
f 687/1071/1482 657/997/1481 659/999/1483 685/1072/1484
f 685/1072/1484 659/999/1483 661/1001/1485 683/1073/1486
f 683/1073/1486 661/1001/1485 663/1003/1487 681/1074/1488
f 681/1074/1488 663/1003/1487 665/1005/1489 679/1075/1490
f 679/1075/1490 665/1005/1489 667/1007/1491 677/1076/1492
f 677/1076/1492 667/1007/1491 669/1009/1493 675/1077/1494
f 675/1077/1494 669/1009/1493 671/1011/1495 673/1078/1496
g default
v 0.446856 -1.626137 -1.200733
v 0.446302 -1.777933 -1.078658
v 0.447051 -1.662415 -1.232170
v 0.446384 -1.793086 -1.091789
v 0.447199 -1.707888 -1.253728
v 0.446445 -1.812079 -1.100794
v 0.447294 -1.760694 -1.264524
v 0.446485 -1.834135 -1.105303
v 0.447332 -1.818668 -1.264115
v 0.446501 -1.858350 -1.105132
v 0.447311 -1.879435 -1.252518
v 0.446492 -1.883731 -1.100288
v 0.447233 -1.940504 -1.230208
v 0.446460 -1.909239 -1.090970
v 0.447100 -1.999372 -1.198099
v 0.446404 -1.933827 -1.077558
v 0.446919 -2.053629 -1.157508
v 0.446328 -1.956489 -1.060604
v 0.446695 -2.101049 -1.110098
v 0.446235 -1.976296 -1.040801
v 0.446440 -2.139690 -1.057810
v 0.446128 -1.992436 -1.018962
v 0.446162 -2.167968 -1.002789
v 0.446012 -2.004247 -0.995980
v 0.445874 -2.184725 -0.947289
v 0.445892 -2.011246 -0.972799
v 0.445588 -2.189274 -0.893584
v 0.445772 -2.013146 -0.950367
v 0.445314 -2.181428 -0.843875
v 0.445658 -2.009869 -0.929604
v 0.445064 -2.161509 -0.800199
v 0.445554 -2.001550 -0.911362
v -0.488255 -2.162155 -0.805238
v -0.487766 -2.002195 -0.916400
v -0.488006 -2.182074 -0.848914
v -0.487662 -2.010515 -0.934643
v -0.487732 -2.189919 -0.898623
v -0.487547 -2.013792 -0.955406
v -0.487445 -2.185370 -0.952328
v -0.487427 -2.011892 -0.977838
v -0.487157 -2.168613 -1.007828
v -0.487307 -2.004892 -1.001019
v -0.486880 -2.140335 -1.062849
v -0.487191 -1.993081 -1.024001
v -0.486624 -2.101694 -1.115136
v -0.487084 -1.976941 -1.045840
v -0.486401 -2.054274 -1.162547
v -0.486991 -1.957135 -1.065643
v -0.486219 -2.000018 -1.203138
v -0.486915 -1.934473 -1.082597
v -0.486087 -1.941149 -1.235247
v -0.486860 -1.909884 -1.096008
v -0.486008 -1.880080 -1.257557
v -0.486827 -1.884377 -1.105327
v -0.485988 -1.819314 -1.269154
v -0.486819 -1.858995 -1.110171
v -0.486026 -1.761340 -1.269563
v -0.486834 -1.834781 -1.110342
v -0.486120 -1.708534 -1.258767
v -0.486874 -1.812725 -1.105833
v -0.486268 -1.663060 -1.237209
v -0.486936 -1.793731 -1.096828
v -0.486463 -1.626782 -1.205772
v -0.487017 -1.778578 -1.083697
vt 0.375000 0.000000
vt 0.625000 0.000000
vt 0.375000 0.016667
vt 0.625000 0.016667
vt 0.375000 0.033333
vt 0.625000 0.033333
vt 0.375000 0.050000
vt 0.625000 0.050000
vt 0.375000 0.066667
vt 0.625000 0.066667
vt 0.375000 0.083333
vt 0.625000 0.083333
vt 0.375000 0.100000
vt 0.625000 0.100000
vt 0.375000 0.116667
vt 0.625000 0.116667
vt 0.375000 0.133333
vt 0.625000 0.133333
vt 0.375000 0.150000
vt 0.625000 0.150000
vt 0.375000 0.166667
vt 0.625000 0.166667
vt 0.375000 0.183333
vt 0.625000 0.183333
vt 0.375000 0.200000
vt 0.625000 0.200000
vt 0.375000 0.216667
vt 0.625000 0.216667
vt 0.375000 0.233333
vt 0.625000 0.233333
vt 0.375000 0.250000
vt 0.625000 0.250000
vt 0.375000 0.500000
vt 0.625000 0.500000
vt 0.375000 0.516667
vt 0.625000 0.516667
vt 0.375000 0.533333
vt 0.625000 0.533333
vt 0.375000 0.550000
vt 0.625000 0.550000
vt 0.375000 0.566667
vt 0.625000 0.566667
vt 0.375000 0.583333
vt 0.625000 0.583333
vt 0.375000 0.600000
vt 0.625000 0.600000
vt 0.375000 0.616667
vt 0.625000 0.616667
vt 0.375000 0.633333
vt 0.625000 0.633333
vt 0.375000 0.650000
vt 0.625000 0.650000
vt 0.375000 0.666667
vt 0.625000 0.666667
vt 0.375000 0.683333
vt 0.625000 0.683333
vt 0.375000 0.700000
vt 0.625000 0.700000
vt 0.375000 0.716666
vt 0.625000 0.716666
vt 0.375000 0.733333
vt 0.625000 0.733333
vt 0.375000 0.750000
vt 0.625000 0.750000
vt 0.375000 1.000000
vt 0.625000 1.000000
vt 0.875000 0.000000
vt 0.875000 0.016667
vt 0.875000 0.033333
vt 0.875000 0.050000
vt 0.875000 0.066667
vt 0.875000 0.083333
vt 0.875000 0.100000
vt 0.875000 0.116667
vt 0.875000 0.133333
vt 0.875000 0.150000
vt 0.875000 0.166667
vt 0.875000 0.183333
vt 0.875000 0.200000
vt 0.875000 0.216667
vt 0.875000 0.233333
vt 0.875000 0.250000
vt 0.125000 0.000000
vt 0.125000 0.016667
vt 0.125000 0.033333
vt 0.125000 0.050000
vt 0.125000 0.066667
vt 0.125000 0.083333
vt 0.125000 0.100000
vt 0.125000 0.116667
vt 0.125000 0.133333
vt 0.125000 0.150000
vt 0.125000 0.166667
vt 0.125000 0.183333
vt 0.125000 0.200000
vt 0.125000 0.216667
vt 0.125000 0.233333
vt 0.125000 0.250000
vn 0.999985 0.000691 0.005399
vn 0.999985 0.000691 0.005399
vn 0.999985 0.000691 0.005399
vn 0.999985 0.000691 0.005399
vn 0.999985 0.000691 0.005399
vn 0.999985 0.000692 0.005399
vn 0.999985 0.000692 0.005399
vn 0.999985 0.000691 0.005399
vn 0.999985 0.000691 0.005399
vn 0.999985 0.000691 0.005399
vn 0.999985 0.000691 0.005399
vn 0.999985 0.000692 0.005399
vn 0.999985 0.000692 0.005399
vn 0.999985 0.000691 0.005399
vn 0.999985 0.000691 0.005399
vn 0.999985 0.000691 0.005399
vn 0.999985 0.000691 0.005399
vn 0.999985 0.000691 0.005399
vn 0.999985 0.000692 0.005399
vn 0.999985 0.000691 0.005399
vn 0.999985 0.000691 0.005399
vn 0.999985 0.000691 0.005399
vn 0.999985 0.000691 0.005399
vn 0.999985 0.000691 0.005399
vn 0.999985 0.000691 0.005399
vn 0.999985 0.000691 0.005399
vn 0.999985 0.000692 0.005399
vn 0.999985 0.000691 0.005399
vn 0.999985 0.000691 0.005398
vn 0.999985 0.000691 0.005399
vn 0.999985 0.000690 0.005398
vn 0.999985 0.000690 0.005398
vn -0.004828 0.570674 0.821162
vn -0.004828 0.570674 0.821162
vn -0.004828 0.570674 0.821162
vn -0.004828 0.570674 0.821162
vn -0.999985 -0.000691 -0.005399
vn -0.999985 -0.000691 -0.005399
vn -0.999985 -0.000691 -0.005399
vn -0.999985 -0.000691 -0.005399
vn -0.999985 -0.000691 -0.005399
vn -0.999985 -0.000691 -0.005398
vn -0.999985 -0.000691 -0.005398
vn -0.999985 -0.000691 -0.005399
vn -0.999985 -0.000691 -0.005399
vn -0.999985 -0.000691 -0.005399
vn -0.999985 -0.000691 -0.005399
vn -0.999985 -0.000691 -0.005399
vn -0.999985 -0.000691 -0.005399
vn -0.999985 -0.000691 -0.005399
vn -0.999985 -0.000691 -0.005399
vn -0.999985 -0.000691 -0.005399
vn -0.999985 -0.000691 -0.005399
vn -0.999985 -0.000691 -0.005399
vn -0.999985 -0.000691 -0.005399
vn -0.999985 -0.000691 -0.005399
vn -0.999985 -0.000691 -0.005399
vn -0.999985 -0.000691 -0.005399
vn -0.999985 -0.000691 -0.005399
vn -0.999985 -0.000692 -0.005399
vn -0.999985 -0.000691 -0.005399
vn -0.999985 -0.000691 -0.005399
vn -0.999985 -0.000691 -0.005398
vn -0.999985 -0.000691 -0.005399
vn -0.999985 -0.000692 -0.005400
vn -0.999985 -0.000691 -0.005399
vn -0.999985 -0.000692 -0.005400
vn -0.999985 -0.000692 -0.005400
vn -0.004640 0.626693 0.779252
vn -0.004640 0.626693 0.779252
vn -0.004640 0.626693 0.779252
vn -0.004640 0.626693 0.779252
vn -0.003627 -0.654892 0.755714
vn -0.003627 -0.654892 0.755714
vn -0.004154 -0.543961 0.839100
vn -0.004154 -0.543961 0.839100
vn -0.004912 -0.312701 0.949839
vn -0.004912 -0.312702 0.949839
vn -0.005311 -0.093355 0.995619
vn -0.005311 -0.093355 0.995619
vn -0.005441 0.100598 0.994912
vn -0.005441 0.100598 0.994912
vn -0.005387 0.268113 0.963373
vn -0.005387 0.268113 0.963373
vn -0.005202 0.413184 0.910633
vn -0.005202 0.413184 0.910633
vn -0.004916 0.540638 0.841241
vn -0.004916 0.540638 0.841241
vn -0.004535 0.654435 0.756105
vn -0.004535 0.654435 0.756105
vn -0.004051 0.756982 0.653423
vn -0.004051 0.756982 0.653423
vn -0.003443 0.848527 0.529141
vn -0.003443 0.848527 0.529141
vn -0.002677 0.926070 0.377343
vn -0.002677 0.926070 0.377343
vn -0.001712 0.981495 0.191479
vn -0.001712 0.981495 0.191479
vn -0.000519 0.999492 -0.031867
vn -0.000519 0.999492 -0.031867
vn 0.000876 0.958534 -0.284978
vn 0.000876 0.958534 -0.284978
vn 0.001611 0.909850 -0.414934
vn 0.001611 0.909850 -0.414934
vn 0.003627 0.654892 -0.755714
vn 0.003627 0.654892 -0.755714
vn 0.004154 0.543961 -0.839100
vn 0.004154 0.543961 -0.839100
vn 0.004912 0.312702 -0.949839
vn 0.004912 0.312702 -0.949839
vn 0.005311 0.093355 -0.995619
vn 0.005311 0.093355 -0.995619
vn 0.005441 -0.100598 -0.994912
vn 0.005441 -0.100598 -0.994912
vn 0.005386 -0.268113 -0.963373
vn 0.005386 -0.268113 -0.963372
vn 0.005202 -0.413184 -0.910633
vn 0.005202 -0.413184 -0.910633
vn 0.004916 -0.540638 -0.841241
vn 0.004916 -0.540638 -0.841241
vn 0.004535 -0.654435 -0.756105
vn 0.004535 -0.654435 -0.756105
vn 0.004051 -0.756982 -0.653423
vn 0.004051 -0.756982 -0.653423
vn 0.003443 -0.848527 -0.529141
vn 0.003443 -0.848527 -0.529141
vn 0.002677 -0.926070 -0.377343
vn 0.002677 -0.926070 -0.377343
vn 0.001712 -0.981495 -0.191479
vn 0.001712 -0.981495 -0.191479
vn 0.000519 -0.999492 0.031867
vn 0.000519 -0.999492 0.031867
vn -0.000876 -0.958534 0.284978
vn -0.000876 -0.958534 0.284978
vn -0.001611 -0.909850 0.414934
vn -0.001611 -0.909850 0.414934
s 1
g Sides pCube12
usemtl initialShadingGroup
f 705/1079/1497 706/1080/1498 708/1082/1499 707/1081/1500
f 707/1081/1500 708/1082/1499 710/1084/1501 709/1083/1502
f 709/1083/1502 710/1084/1501 712/1086/1503 711/1085/1504
f 711/1085/1504 712/1086/1503 714/1088/1505 713/1087/1506
f 713/1087/1506 714/1088/1505 716/1090/1507 715/1089/1508
f 715/1089/1508 716/1090/1507 718/1092/1509 717/1091/1510
f 717/1091/1510 718/1092/1509 720/1094/1511 719/1093/1512
f 719/1093/1512 720/1094/1511 722/1096/1513 721/1095/1514
f 721/1095/1514 722/1096/1513 724/1098/1515 723/1097/1516
f 723/1097/1516 724/1098/1515 726/1100/1517 725/1099/1518
f 725/1099/1518 726/1100/1517 728/1102/1519 727/1101/1520
f 727/1101/1520 728/1102/1519 730/1104/1521 729/1103/1522
f 729/1103/1522 730/1104/1521 732/1106/1523 731/1105/1524
f 731/1105/1524 732/1106/1523 734/1108/1525 733/1107/1526
f 733/1107/1526 734/1108/1525 736/1110/1527 735/1109/1528
s off
f 735/1109/1529 736/1110/1530 738/1112/1531 737/1111/1532
s 2
f 737/1111/1533 738/1112/1534 740/1114/1535 739/1113/1536
f 739/1113/1536 740/1114/1535 742/1116/1537 741/1115/1538
f 741/1115/1538 742/1116/1537 744/1118/1539 743/1117/1540
f 743/1117/1540 744/1118/1539 746/1120/1541 745/1119/1542
f 745/1119/1542 746/1120/1541 748/1122/1543 747/1121/1544
f 747/1121/1544 748/1122/1543 750/1124/1545 749/1123/1546
f 749/1123/1546 750/1124/1545 752/1126/1547 751/1125/1548
f 751/1125/1548 752/1126/1547 754/1128/1549 753/1127/1550
f 753/1127/1550 754/1128/1549 756/1130/1551 755/1129/1552
f 755/1129/1552 756/1130/1551 758/1132/1553 757/1131/1554
f 757/1131/1554 758/1132/1553 760/1134/1555 759/1133/1556
f 759/1133/1556 760/1134/1555 762/1136/1557 761/1135/1558
f 761/1135/1558 762/1136/1557 764/1138/1559 763/1137/1560
f 763/1137/1560 764/1138/1559 766/1140/1561 765/1139/1562
f 765/1139/1562 766/1140/1561 768/1142/1563 767/1141/1564
s off
f 767/1141/1565 768/1142/1566 706/1144/1567 705/1143/1568
s 3
f 706/1080/1569 768/1145/1570 766/1146/1571 708/1082/1572
f 708/1082/1572 766/1146/1571 764/1147/1573 710/1084/1574
f 710/1084/1574 764/1147/1573 762/1148/1575 712/1086/1576
f 712/1086/1576 762/1148/1575 760/1149/1577 714/1088/1578
f 714/1088/1578 760/1149/1577 758/1150/1579 716/1090/1580
f 716/1090/1580 758/1150/1579 756/1151/1581 718/1092/1582
f 718/1092/1582 756/1151/1581 754/1152/1583 720/1094/1584
f 720/1094/1584 754/1152/1583 752/1153/1585 722/1096/1586
f 722/1096/1586 752/1153/1585 750/1154/1587 724/1098/1588
f 724/1098/1588 750/1154/1587 748/1155/1589 726/1100/1590
f 726/1100/1590 748/1155/1589 746/1156/1591 728/1102/1592
f 728/1102/1592 746/1156/1591 744/1157/1593 730/1104/1594
f 730/1104/1594 744/1157/1593 742/1158/1595 732/1106/1596
f 732/1106/1596 742/1158/1595 740/1159/1597 734/1108/1598
f 734/1108/1598 740/1159/1597 738/1160/1599 736/1110/1600
s 4
f 767/1161/1601 705/1079/1602 707/1081/1603 765/1162/1604
f 765/1162/1604 707/1081/1603 709/1083/1605 763/1163/1606
f 763/1163/1606 709/1083/1605 711/1085/1607 761/1164/1608
f 761/1164/1608 711/1085/1607 713/1087/1609 759/1165/1610
f 759/1165/1610 713/1087/1609 715/1089/1611 757/1166/1612
f 757/1166/1612 715/1089/1611 717/1091/1613 755/1167/1614
f 755/1167/1614 717/1091/1613 719/1093/1615 753/1168/1616
f 753/1168/1616 719/1093/1615 721/1095/1617 751/1169/1618
f 751/1169/1618 721/1095/1617 723/1097/1619 749/1170/1620
f 749/1170/1620 723/1097/1619 725/1099/1621 747/1171/1622
f 747/1171/1622 725/1099/1621 727/1101/1623 745/1172/1624
f 745/1172/1624 727/1101/1623 729/1103/1625 743/1173/1626
f 743/1173/1626 729/1103/1625 731/1105/1627 741/1174/1628
f 741/1174/1628 731/1105/1627 733/1107/1629 739/1175/1630
f 739/1175/1630 733/1107/1629 735/1109/1631 737/1176/1632
g default
v -0.481543 1.795556 1.051160
v -0.480434 1.608083 1.104049
v -0.482272 1.800128 1.098941
v -0.480738 1.609993 1.124006
v -0.482893 1.791320 1.148485
v -0.480998 1.606313 1.144700
v -0.483381 1.769493 1.197763
v -0.481202 1.597197 1.165283
v -0.483715 1.735540 1.244756
v -0.481341 1.583015 1.184911
v -0.483883 1.690854 1.287537
v -0.481411 1.564351 1.202780
v -0.483876 1.637266 1.324353
v -0.481409 1.541968 1.218157
v -0.483696 1.576971 1.353696
v -0.481333 1.516783 1.230413
v -0.483350 1.512441 1.374363
v -0.481189 1.489830 1.239046
v -0.482851 1.446320 1.385508
v -0.480981 1.462212 1.243701
v -0.482221 1.381317 1.386673
v -0.480717 1.435062 1.244187
v -0.481485 1.320096 1.377812
v -0.480410 1.409491 1.240486
v -0.480674 1.265166 1.359286
v -0.480071 1.386547 1.232748
v -0.479820 1.218778 1.331855
v -0.479714 1.367172 1.221291
v -0.478958 1.182833 1.296644
v -0.479354 1.352158 1.206584
v -0.478124 1.158803 1.255095
v -0.479006 1.342121 1.189229
v 0.455067 1.168089 1.268447
v 0.454185 1.351407 1.202581
v 0.454234 1.192118 1.309996
v 0.453837 1.361444 1.219936
v 0.453372 1.228064 1.345208
v 0.453477 1.376458 1.234643
v 0.452518 1.274452 1.372638
v 0.453121 1.395833 1.246100
v 0.451706 1.329381 1.391164
v 0.452782 1.418776 1.253838
v 0.450970 1.390602 1.400025
v 0.452474 1.444347 1.257540
v 0.450340 1.455605 1.398860
v 0.452211 1.471498 1.257053
v 0.449842 1.521727 1.387715
v 0.452003 1.499116 1.252398
v 0.449495 1.586257 1.367048
v 0.451858 1.526069 1.243765
v 0.449315 1.646552 1.337705
v 0.451783 1.551253 1.231509
v 0.449309 1.700140 1.300889
v 0.451780 1.573636 1.216132
v 0.449476 1.744826 1.258108
v 0.451850 1.592301 1.198263
v 0.449811 1.778778 1.211116
v 0.451990 1.606482 1.178635
v 0.450299 1.800606 1.161837
v 0.452194 1.615599 1.158052
v 0.450920 1.809414 1.112293
v 0.452453 1.619278 1.137358
v 0.451649 1.804842 1.064512
v 0.452758 1.617369 1.117401
vt 0.375000 0.000000
vt 0.625000 0.000000
vt 0.375000 0.016667
vt 0.625000 0.016667
vt 0.375000 0.033333
vt 0.625000 0.033333
vt 0.375000 0.050000
vt 0.625000 0.050000
vt 0.375000 0.066667
vt 0.625000 0.066667
vt 0.375000 0.083333
vt 0.625000 0.083333
vt 0.375000 0.100000
vt 0.625000 0.100000
vt 0.375000 0.116667
vt 0.625000 0.116667
vt 0.375000 0.133333
vt 0.625000 0.133333
vt 0.375000 0.150000
vt 0.625000 0.150000
vt 0.375000 0.166667
vt 0.625000 0.166667
vt 0.375000 0.183333
vt 0.625000 0.183333
vt 0.375000 0.200000
vt 0.625000 0.200000
vt 0.375000 0.216667
vt 0.625000 0.216667
vt 0.375000 0.233333
vt 0.625000 0.233333
vt 0.375000 0.250000
vt 0.625000 0.250000
vt 0.375000 0.500000
vt 0.625000 0.500000
vt 0.375000 0.516667
vt 0.625000 0.516667
vt 0.375000 0.533333
vt 0.625000 0.533333
vt 0.375000 0.550000
vt 0.625000 0.550000
vt 0.375000 0.566667
vt 0.625000 0.566667
vt 0.375000 0.583333
vt 0.625000 0.583333
vt 0.375000 0.600000
vt 0.625000 0.600000
vt 0.375000 0.616667
vt 0.625000 0.616667
vt 0.375000 0.633333
vt 0.625000 0.633333
vt 0.375000 0.650000
vt 0.625000 0.650000
vt 0.375000 0.666667
vt 0.625000 0.666667
vt 0.375000 0.683333
vt 0.625000 0.683333
vt 0.375000 0.700000
vt 0.625000 0.700000
vt 0.375000 0.716666
vt 0.625000 0.716666
vt 0.375000 0.733333
vt 0.625000 0.733333
vt 0.375000 0.750000
vt 0.625000 0.750000
vt 0.375000 1.000000
vt 0.625000 1.000000
vt 0.875000 0.000000
vt 0.875000 0.016667
vt 0.875000 0.033333
vt 0.875000 0.050000
vt 0.875000 0.066667
vt 0.875000 0.083333
vt 0.875000 0.100000
vt 0.875000 0.116667
vt 0.875000 0.133333
vt 0.875000 0.150000
vt 0.875000 0.166667
vt 0.875000 0.183333
vt 0.875000 0.200000
vt 0.875000 0.216667
vt 0.875000 0.233333
vt 0.875000 0.250000
vt 0.125000 0.000000
vt 0.125000 0.016667
vt 0.125000 0.033333
vt 0.125000 0.050000
vt 0.125000 0.066667
vt 0.125000 0.083333
vt 0.125000 0.100000
vt 0.125000 0.116667
vt 0.125000 0.133333
vt 0.125000 0.150000
vt 0.125000 0.166667
vt 0.125000 0.183333
vt 0.125000 0.200000
vt 0.125000 0.216667
vt 0.125000 0.233333
vt 0.125000 0.250000
vn -0.999848 -0.009949 -0.014306
vn -0.999848 -0.009949 -0.014306
vn -0.999848 -0.009949 -0.014306
vn -0.999848 -0.009949 -0.014306
vn -0.999848 -0.009949 -0.014306
vn -0.999848 -0.009949 -0.014306
vn -0.999848 -0.009949 -0.014306
vn -0.999848 -0.009949 -0.014306
vn -0.999848 -0.009949 -0.014306
vn -0.999848 -0.009949 -0.014306
vn -0.999848 -0.009949 -0.014306
vn -0.999848 -0.009949 -0.014306
vn -0.999848 -0.009949 -0.014306
vn -0.999848 -0.009949 -0.014306
vn -0.999848 -0.009949 -0.014306
vn -0.999848 -0.009949 -0.014306
vn -0.999848 -0.009949 -0.014306
vn -0.999848 -0.009949 -0.014306
vn -0.999848 -0.009949 -0.014306
vn -0.999848 -0.009949 -0.014306
vn -0.999848 -0.009949 -0.014306
vn -0.999848 -0.009949 -0.014306
vn -0.999848 -0.009949 -0.014306
vn -0.999848 -0.009949 -0.014306
vn -0.999848 -0.009949 -0.014306
vn -0.999848 -0.009949 -0.014306
vn -0.999848 -0.009949 -0.014306
vn -0.999848 -0.009949 -0.014306
vn -0.999848 -0.009949 -0.014305
vn -0.999848 -0.009949 -0.014306
vn -0.999848 -0.009949 -0.014304
vn -0.999848 -0.009949 -0.014304
vn 0.016827 -0.338016 -0.940990
vn 0.016827 -0.338016 -0.940990
vn 0.016827 -0.338016 -0.940990
vn 0.016827 -0.338016 -0.940990
vn 0.999848 0.009949 0.014306
vn 0.999848 0.009949 0.014306
vn 0.999848 0.009949 0.014306
vn 0.999848 0.009949 0.014306
vn 0.999848 0.009949 0.014306
vn 0.999848 0.009949 0.014305
vn 0.999848 0.009949 0.014305
vn 0.999848 0.009949 0.014306
vn 0.999848 0.009949 0.014306
vn 0.999848 0.009949 0.014306
vn 0.999848 0.009949 0.014306
vn 0.999848 0.009949 0.014306
vn 0.999848 0.009949 0.014306
vn 0.999848 0.009949 0.014306
vn 0.999848 0.009949 0.014306
vn 0.999848 0.009949 0.014306
vn 0.999848 0.009949 0.014306
vn 0.999848 0.009949 0.014306
vn 0.999848 0.009949 0.014306
vn 0.999848 0.009949 0.014306
vn 0.999848 0.009949 0.014306
vn 0.999848 0.009949 0.014306
vn 0.999848 0.009949 0.014306
vn 0.999848 0.009949 0.014306
vn 0.999848 0.009949 0.014306
vn 0.999848 0.009949 0.014306
vn 0.999848 0.009949 0.014305
vn 0.999848 0.009949 0.014306
vn 0.999848 0.009949 0.014307
vn 0.999848 0.009949 0.014306
vn 0.999848 0.009950 0.014307
vn 0.999848 0.009950 0.014307
vn 0.016470 -0.271388 -0.962329
vn 0.016470 -0.271388 -0.962329
vn 0.016470 -0.271388 -0.962329
vn 0.016470 -0.271388 -0.962329
vn 0.008540 -0.995404 0.095383
vn 0.008540 -0.995404 0.095383
vn 0.010561 -0.999005 -0.043333
vn 0.010561 -0.999005 -0.043333
vn 0.013738 -0.955109 -0.295935
vn 0.013738 -0.955109 -0.295935
vn 0.015780 -0.865204 -0.501171
vn 0.015780 -0.865204 -0.501171
vn 0.016910 -0.752156 -0.658768
vn 0.016910 -0.752156 -0.658768
vn 0.017379 -0.629320 -0.776952
vn 0.017379 -0.629320 -0.776952
vn 0.017368 -0.502230 -0.864560
vn 0.017368 -0.502230 -0.864560
vn 0.016980 -0.371791 -0.928161
vn 0.016980 -0.371791 -0.928161
vn 0.016253 -0.236445 -0.971509
vn 0.016253 -0.236445 -0.971509
vn 0.015173 -0.093329 -0.995520
vn 0.015173 -0.093329 -0.995520
vn 0.013673 0.061003 -0.998044
vn 0.013673 0.061003 -0.998044
vn 0.011640 0.229630 -0.973208
vn 0.011640 0.229630 -0.973208
vn 0.008918 0.413183 -0.910604
vn 0.008918 0.413183 -0.910604
vn 0.005360 0.605565 -0.795778
vn 0.005360 0.605565 -0.795778
vn 0.000968 0.788007 -0.615665
vn 0.000968 0.788007 -0.615665
vn -0.001450 0.865642 -0.500661
vn -0.001450 0.865642 -0.500661
vn -0.008540 0.995404 -0.095383
vn -0.008540 0.995404 -0.095383
vn -0.010561 0.999005 0.043333
vn -0.010561 0.999005 0.043333
vn -0.013738 0.955109 0.295935
vn -0.013738 0.955109 0.295935
vn -0.015780 0.865204 0.501171
vn -0.015780 0.865204 0.501171
vn -0.016910 0.752156 0.658768
vn -0.016910 0.752156 0.658768
vn -0.017379 0.629320 0.776952
vn -0.017379 0.629320 0.776952
vn -0.017368 0.502230 0.864560
vn -0.017368 0.502230 0.864560
vn -0.016980 0.371791 0.928161
vn -0.016980 0.371791 0.928161
vn -0.016253 0.236445 0.971509
vn -0.016253 0.236445 0.971509
vn -0.015173 0.093329 0.995520
vn -0.015173 0.093329 0.995520
vn -0.013673 -0.061003 0.998044
vn -0.013673 -0.061003 0.998044
vn -0.011640 -0.229630 0.973208
vn -0.011640 -0.229630 0.973208
vn -0.008918 -0.413183 0.910605
vn -0.008918 -0.413183 0.910605
vn -0.005360 -0.605565 0.795778
vn -0.005360 -0.605565 0.795778
vn -0.000968 -0.788007 0.615665
vn -0.000968 -0.788007 0.615665
vn 0.001450 -0.865642 0.500661
vn 0.001450 -0.865642 0.500661
s 1
g Sides pCube15
usemtl initialShadingGroup
f 769/1177/1633 770/1178/1634 772/1180/1635 771/1179/1636
f 771/1179/1636 772/1180/1635 774/1182/1637 773/1181/1638
f 773/1181/1638 774/1182/1637 776/1184/1639 775/1183/1640
f 775/1183/1640 776/1184/1639 778/1186/1641 777/1185/1642
f 777/1185/1642 778/1186/1641 780/1188/1643 779/1187/1644
f 779/1187/1644 780/1188/1643 782/1190/1645 781/1189/1646
f 781/1189/1646 782/1190/1645 784/1192/1647 783/1191/1648
f 783/1191/1648 784/1192/1647 786/1194/1649 785/1193/1650
f 785/1193/1650 786/1194/1649 788/1196/1651 787/1195/1652
f 787/1195/1652 788/1196/1651 790/1198/1653 789/1197/1654
f 789/1197/1654 790/1198/1653 792/1200/1655 791/1199/1656
f 791/1199/1656 792/1200/1655 794/1202/1657 793/1201/1658
f 793/1201/1658 794/1202/1657 796/1204/1659 795/1203/1660
f 795/1203/1660 796/1204/1659 798/1206/1661 797/1205/1662
f 797/1205/1662 798/1206/1661 800/1208/1663 799/1207/1664
s off
f 799/1207/1665 800/1208/1666 802/1210/1667 801/1209/1668
s 2
f 801/1209/1669 802/1210/1670 804/1212/1671 803/1211/1672
f 803/1211/1672 804/1212/1671 806/1214/1673 805/1213/1674
f 805/1213/1674 806/1214/1673 808/1216/1675 807/1215/1676
f 807/1215/1676 808/1216/1675 810/1218/1677 809/1217/1678
f 809/1217/1678 810/1218/1677 812/1220/1679 811/1219/1680
f 811/1219/1680 812/1220/1679 814/1222/1681 813/1221/1682
f 813/1221/1682 814/1222/1681 816/1224/1683 815/1223/1684
f 815/1223/1684 816/1224/1683 818/1226/1685 817/1225/1686
f 817/1225/1686 818/1226/1685 820/1228/1687 819/1227/1688
f 819/1227/1688 820/1228/1687 822/1230/1689 821/1229/1690
f 821/1229/1690 822/1230/1689 824/1232/1691 823/1231/1692
f 823/1231/1692 824/1232/1691 826/1234/1693 825/1233/1694
f 825/1233/1694 826/1234/1693 828/1236/1695 827/1235/1696
f 827/1235/1696 828/1236/1695 830/1238/1697 829/1237/1698
f 829/1237/1698 830/1238/1697 832/1240/1699 831/1239/1700
s off
f 831/1239/1701 832/1240/1702 770/1242/1703 769/1241/1704
s 3
f 770/1178/1705 832/1243/1706 830/1244/1707 772/1180/1708
f 772/1180/1708 830/1244/1707 828/1245/1709 774/1182/1710
f 774/1182/1710 828/1245/1709 826/1246/1711 776/1184/1712
f 776/1184/1712 826/1246/1711 824/1247/1713 778/1186/1714
f 778/1186/1714 824/1247/1713 822/1248/1715 780/1188/1716
f 780/1188/1716 822/1248/1715 820/1249/1717 782/1190/1718
f 782/1190/1718 820/1249/1717 818/1250/1719 784/1192/1720
f 784/1192/1720 818/1250/1719 816/1251/1721 786/1194/1722
f 786/1194/1722 816/1251/1721 814/1252/1723 788/1196/1724
f 788/1196/1724 814/1252/1723 812/1253/1725 790/1198/1726
f 790/1198/1726 812/1253/1725 810/1254/1727 792/1200/1728
f 792/1200/1728 810/1254/1727 808/1255/1729 794/1202/1730
f 794/1202/1730 808/1255/1729 806/1256/1731 796/1204/1732
f 796/1204/1732 806/1256/1731 804/1257/1733 798/1206/1734
f 798/1206/1734 804/1257/1733 802/1258/1735 800/1208/1736
s 4
f 831/1259/1737 769/1177/1738 771/1179/1739 829/1260/1740
f 829/1260/1740 771/1179/1739 773/1181/1741 827/1261/1742
f 827/1261/1742 773/1181/1741 775/1183/1743 825/1262/1744
f 825/1262/1744 775/1183/1743 777/1185/1745 823/1263/1746
f 823/1263/1746 777/1185/1745 779/1187/1747 821/1264/1748
f 821/1264/1748 779/1187/1747 781/1189/1749 819/1265/1750
f 819/1265/1750 781/1189/1749 783/1191/1751 817/1266/1752
f 817/1266/1752 783/1191/1751 785/1193/1753 815/1267/1754
f 815/1267/1754 785/1193/1753 787/1195/1755 813/1268/1756
f 813/1268/1756 787/1195/1755 789/1197/1757 811/1269/1758
f 811/1269/1758 789/1197/1757 791/1199/1759 809/1270/1760
f 809/1270/1760 791/1199/1759 793/1201/1761 807/1271/1762
f 807/1271/1762 793/1201/1761 795/1203/1763 805/1272/1764
f 805/1272/1764 795/1203/1763 797/1205/1765 803/1273/1766
f 803/1273/1766 797/1205/1765 799/1207/1767 801/1274/1768
g default
v 0.437304 -1.640743 1.039280
v 0.436869 -1.454347 1.095858
v 0.437050 -1.646263 1.086965
v 0.436763 -1.456653 1.115776
v 0.436776 -1.638440 1.136678
v 0.436649 -1.453386 1.136540
v 0.436493 -1.617595 1.186381
v 0.436531 -1.444679 1.157300
v 0.436213 -1.584581 1.234037
v 0.436414 -1.430889 1.177205
v 0.435947 -1.540751 1.277694
v 0.436303 -1.412582 1.195440
v 0.435706 -1.487902 1.315563
v 0.436202 -1.390508 1.211257
v 0.435500 -1.428199 1.346091
v 0.436116 -1.365571 1.224009
v 0.435337 -1.364088 1.368029
v 0.436048 -1.338793 1.233172
v 0.435225 -1.298198 1.380476
v 0.436001 -1.311272 1.238370
v 0.435167 -1.233227 1.382922
v 0.435977 -1.284135 1.239392
v 0.435165 -1.171839 1.375268
v 0.435976 -1.258494 1.236196
v 0.435221 -1.116549 1.357828
v 0.436000 -1.235400 1.228911
v 0.435332 -1.069623 1.331315
v 0.436046 -1.215800 1.217837
v 0.435493 -1.032984 1.296816
v 0.436113 -1.200496 1.203427
v 0.435698 -1.008133 1.255745
v 0.436198 -1.190116 1.186273
v -0.497622 -1.008778 1.250706
v -0.497121 -1.190762 1.181234
v -0.497827 -1.033629 1.291777
v -0.497207 -1.201141 1.198388
v -0.497987 -1.070269 1.326276
v -0.497274 -1.216445 1.212798
v -0.498098 -1.117195 1.352789
v -0.497320 -1.236045 1.223872
v -0.498154 -1.172484 1.370230
v -0.497343 -1.259139 1.231157
v -0.498153 -1.233872 1.377883
v -0.497343 -1.284780 1.234354
v -0.498095 -1.298843 1.375437
v -0.497319 -1.311917 1.233332
v -0.497982 -1.364733 1.362990
v -0.497272 -1.339438 1.228133
v -0.497819 -1.428844 1.341053
v -0.497204 -1.366216 1.218970
v -0.497613 -1.488547 1.310524
v -0.497117 -1.391153 1.206219
v -0.497372 -1.541396 1.272655
v -0.497017 -1.413228 1.190401
v -0.497106 -1.585226 1.228998
v -0.496906 -1.431535 1.172167
v -0.496826 -1.618240 1.181342
v -0.496789 -1.445324 1.152261
v -0.496543 -1.639086 1.131639
v -0.496671 -1.454031 1.131501
v -0.496270 -1.646908 1.081926
v -0.496556 -1.457298 1.110737
v -0.496016 -1.641388 1.034241
v -0.496450 -1.454992 1.090819
vt 0.375000 0.000000
vt 0.625000 0.000000
vt 0.375000 0.016667
vt 0.625000 0.016667
vt 0.375000 0.033333
vt 0.625000 0.033333
vt 0.375000 0.050000
vt 0.625000 0.050000
vt 0.375000 0.066667
vt 0.625000 0.066667
vt 0.375000 0.083333
vt 0.625000 0.083333
vt 0.375000 0.100000
vt 0.625000 0.100000
vt 0.375000 0.116667
vt 0.625000 0.116667
vt 0.375000 0.133333
vt 0.625000 0.133333
vt 0.375000 0.150000
vt 0.625000 0.150000
vt 0.375000 0.166667
vt 0.625000 0.166667
vt 0.375000 0.183333
vt 0.625000 0.183333
vt 0.375000 0.200000
vt 0.625000 0.200000
vt 0.375000 0.216667
vt 0.625000 0.216667
vt 0.375000 0.233333
vt 0.625000 0.233333
vt 0.375000 0.250000
vt 0.625000 0.250000
vt 0.375000 0.500000
vt 0.625000 0.500000
vt 0.375000 0.516667
vt 0.625000 0.516667
vt 0.375000 0.533333
vt 0.625000 0.533333
vt 0.375000 0.550000
vt 0.625000 0.550000
vt 0.375000 0.566667
vt 0.625000 0.566667
vt 0.375000 0.583333
vt 0.625000 0.583333
vt 0.375000 0.600000
vt 0.625000 0.600000
vt 0.375000 0.616667
vt 0.625000 0.616667
vt 0.375000 0.633333
vt 0.625000 0.633333
vt 0.375000 0.650000
vt 0.625000 0.650000
vt 0.375000 0.666667
vt 0.625000 0.666667
vt 0.375000 0.683333
vt 0.625000 0.683333
vt 0.375000 0.700000
vt 0.625000 0.700000
vt 0.375000 0.716666
vt 0.625000 0.716666
vt 0.375000 0.733333
vt 0.625000 0.733333
vt 0.375000 0.750000
vt 0.625000 0.750000
vt 0.375000 1.000000
vt 0.625000 1.000000
vt 0.875000 0.000000
vt 0.875000 0.016667
vt 0.875000 0.033333
vt 0.875000 0.050000
vt 0.875000 0.066667
vt 0.875000 0.083333
vt 0.875000 0.100000
vt 0.875000 0.116667
vt 0.875000 0.133333
vt 0.875000 0.150000
vt 0.875000 0.166667
vt 0.875000 0.183333
vt 0.875000 0.200000
vt 0.875000 0.216667
vt 0.875000 0.233333
vt 0.875000 0.250000
vt 0.125000 0.000000
vt 0.125000 0.016667
vt 0.125000 0.033333
vt 0.125000 0.050000
vt 0.125000 0.066667
vt 0.125000 0.083333
vt 0.125000 0.100000
vt 0.125000 0.116667
vt 0.125000 0.133333
vt 0.125000 0.150000
vt 0.125000 0.166667
vt 0.125000 0.183333
vt 0.125000 0.200000
vt 0.125000 0.216667
vt 0.125000 0.233333
vt 0.125000 0.250000
vn 0.999985 0.000691 0.005399
vn 0.999985 0.000691 0.005399
vn 0.999985 0.000691 0.005399
vn 0.999985 0.000691 0.005399
vn 0.999985 0.000691 0.005399
vn 0.999985 0.000692 0.005398
vn 0.999985 0.000692 0.005398
vn 0.999985 0.000691 0.005399
vn 0.999985 0.000691 0.005399
vn 0.999985 0.000691 0.005399
vn 0.999985 0.000691 0.005399
vn 0.999985 0.000691 0.005399
vn 0.999985 0.000691 0.005399
vn 0.999985 0.000691 0.005399
vn 0.999985 0.000691 0.005399
vn 0.999985 0.000691 0.005399
vn 0.999985 0.000691 0.005399
vn 0.999985 0.000691 0.005399
vn 0.999985 0.000691 0.005399
vn 0.999985 0.000691 0.005399
vn 0.999985 0.000691 0.005399
vn 0.999985 0.000691 0.005399
vn 0.999985 0.000691 0.005399
vn 0.999985 0.000691 0.005399
vn 0.999985 0.000691 0.005399
vn 0.999985 0.000691 0.005399
vn 0.999985 0.000692 0.005398
vn 0.999985 0.000691 0.005399
vn 0.999985 0.000691 0.005400
vn 0.999985 0.000691 0.005399
vn 0.999985 0.000691 0.005400
vn 0.999985 0.000691 0.005400
vn 0.004797 0.356656 -0.934224
vn 0.004797 0.356656 -0.934224
vn 0.004797 0.356656 -0.934224
vn 0.004797 0.356656 -0.934224
vn -0.999985 -0.000691 -0.005399
vn -0.999985 -0.000691 -0.005399
vn -0.999985 -0.000691 -0.005399
vn -0.999985 -0.000691 -0.005399
vn -0.999985 -0.000691 -0.005399
vn -0.999985 -0.000691 -0.005399
vn -0.999985 -0.000691 -0.005399
vn -0.999985 -0.000691 -0.005399
vn -0.999985 -0.000691 -0.005399
vn -0.999985 -0.000691 -0.005399
vn -0.999985 -0.000691 -0.005399
vn -0.999985 -0.000691 -0.005399
vn -0.999985 -0.000691 -0.005399
vn -0.999985 -0.000691 -0.005399
vn -0.999985 -0.000691 -0.005399
vn -0.999985 -0.000691 -0.005399
vn -0.999985 -0.000691 -0.005399
vn -0.999985 -0.000691 -0.005399
vn -0.999985 -0.000691 -0.005399
vn -0.999985 -0.000691 -0.005399
vn -0.999985 -0.000691 -0.005399
vn -0.999985 -0.000691 -0.005399
vn -0.999985 -0.000691 -0.005399
vn -0.999985 -0.000691 -0.005399
vn -0.999985 -0.000691 -0.005399
vn -0.999985 -0.000691 -0.005399
vn -0.999985 -0.000691 -0.005399
vn -0.999985 -0.000691 -0.005399
vn -0.999985 -0.000692 -0.005398
vn -0.999985 -0.000691 -0.005399
vn -0.999985 -0.000692 -0.005397
vn -0.999985 -0.000692 -0.005397
vn 0.004965 0.290462 -0.956874
vn 0.004965 0.290462 -0.956874
vn 0.004965 0.290462 -0.956874
vn 0.004965 0.290462 -0.956874
vn -0.001308 0.993365 0.114995
vn -0.001308 0.993365 0.114995
vn -0.000564 0.999721 -0.023634
vn -0.000564 0.999721 -0.023634
vn 0.000832 0.960848 -0.277074
vn 0.000832 0.960848 -0.277074
vn 0.002008 0.875032 -0.484060
vn 0.002008 0.875032 -0.484060
vn 0.002947 0.765131 -0.643868
vn 0.002947 0.765131 -0.643868
vn 0.003682 0.644660 -0.764460
vn 0.003682 0.644660 -0.764460
vn 0.004255 0.519328 -0.854564
vn 0.004255 0.519328 -0.854564
vn 0.004701 0.390171 -0.920730
vn 0.004701 0.390171 -0.920730
vn 0.005043 0.255706 -0.966742
vn 0.005043 0.255706 -0.966742
vn 0.005286 0.113088 -0.993571
vn 0.005286 0.113088 -0.993571
vn 0.005423 -0.041172 -0.999137
vn 0.005423 -0.041172 -0.999137
vn 0.005423 -0.210268 -0.977629
vn 0.005423 -0.210268 -0.977629
vn 0.005233 -0.395037 -0.918650
vn 0.005233 -0.395037 -0.918650
vn 0.004768 -0.589672 -0.807629
vn 0.004768 -0.589672 -0.807629
vn 0.003944 -0.775665 -0.631133
vn 0.003944 -0.775665 -0.631133
vn 0.003386 -0.855573 -0.517671
vn 0.003386 -0.855573 -0.517671
vn 0.001308 -0.993365 -0.114996
vn 0.001308 -0.993365 -0.114996
vn 0.000564 -0.999721 0.023634
vn 0.000564 -0.999721 0.023634
vn -0.000832 -0.960848 0.277074
vn -0.000832 -0.960848 0.277074
vn -0.002008 -0.875032 0.484060
vn -0.002008 -0.875032 0.484060
vn -0.002947 -0.765131 0.643868
vn -0.002947 -0.765131 0.643868
vn -0.003682 -0.644660 0.764460
vn -0.003682 -0.644660 0.764460
vn -0.004255 -0.519328 0.854564
vn -0.004255 -0.519328 0.854564
vn -0.004701 -0.390171 0.920730
vn -0.004701 -0.390171 0.920730
vn -0.005043 -0.255706 0.966741
vn -0.005043 -0.255706 0.966741
vn -0.005286 -0.113088 0.993571
vn -0.005286 -0.113088 0.993571
vn -0.005423 0.041172 0.999137
vn -0.005423 0.041172 0.999137
vn -0.005423 0.210268 0.977629
vn -0.005423 0.210268 0.977629
vn -0.005233 0.395037 0.918650
vn -0.005233 0.395037 0.918650
vn -0.004768 0.589672 0.807629
vn -0.004768 0.589672 0.807629
vn -0.003944 0.775665 0.631133
vn -0.003944 0.775665 0.631133
vn -0.003386 0.855573 0.517671
vn -0.003386 0.855573 0.517671
s 1
g Sides pCube16
usemtl initialShadingGroup
f 833/1275/1769 834/1276/1770 836/1278/1771 835/1277/1772
f 835/1277/1772 836/1278/1771 838/1280/1773 837/1279/1774
f 837/1279/1774 838/1280/1773 840/1282/1775 839/1281/1776
f 839/1281/1776 840/1282/1775 842/1284/1777 841/1283/1778
f 841/1283/1778 842/1284/1777 844/1286/1779 843/1285/1780
f 843/1285/1780 844/1286/1779 846/1288/1781 845/1287/1782
f 845/1287/1782 846/1288/1781 848/1290/1783 847/1289/1784
f 847/1289/1784 848/1290/1783 850/1292/1785 849/1291/1786
f 849/1291/1786 850/1292/1785 852/1294/1787 851/1293/1788
f 851/1293/1788 852/1294/1787 854/1296/1789 853/1295/1790
f 853/1295/1790 854/1296/1789 856/1298/1791 855/1297/1792
f 855/1297/1792 856/1298/1791 858/1300/1793 857/1299/1794
f 857/1299/1794 858/1300/1793 860/1302/1795 859/1301/1796
f 859/1301/1796 860/1302/1795 862/1304/1797 861/1303/1798
f 861/1303/1798 862/1304/1797 864/1306/1799 863/1305/1800
s off
f 863/1305/1801 864/1306/1802 866/1308/1803 865/1307/1804
s 2
f 865/1307/1805 866/1308/1806 868/1310/1807 867/1309/1808
f 867/1309/1808 868/1310/1807 870/1312/1809 869/1311/1810
f 869/1311/1810 870/1312/1809 872/1314/1811 871/1313/1812
f 871/1313/1812 872/1314/1811 874/1316/1813 873/1315/1814
f 873/1315/1814 874/1316/1813 876/1318/1815 875/1317/1816
f 875/1317/1816 876/1318/1815 878/1320/1817 877/1319/1818
f 877/1319/1818 878/1320/1817 880/1322/1819 879/1321/1820
f 879/1321/1820 880/1322/1819 882/1324/1821 881/1323/1822
f 881/1323/1822 882/1324/1821 884/1326/1823 883/1325/1824
f 883/1325/1824 884/1326/1823 886/1328/1825 885/1327/1826
f 885/1327/1826 886/1328/1825 888/1330/1827 887/1329/1828
f 887/1329/1828 888/1330/1827 890/1332/1829 889/1331/1830
f 889/1331/1830 890/1332/1829 892/1334/1831 891/1333/1832
f 891/1333/1832 892/1334/1831 894/1336/1833 893/1335/1834
f 893/1335/1834 894/1336/1833 896/1338/1835 895/1337/1836
s off
f 895/1337/1837 896/1338/1838 834/1340/1839 833/1339/1840
s 3
f 834/1276/1841 896/1341/1842 894/1342/1843 836/1278/1844
f 836/1278/1844 894/1342/1843 892/1343/1845 838/1280/1846
f 838/1280/1846 892/1343/1845 890/1344/1847 840/1282/1848
f 840/1282/1848 890/1344/1847 888/1345/1849 842/1284/1850
f 842/1284/1850 888/1345/1849 886/1346/1851 844/1286/1852
f 844/1286/1852 886/1346/1851 884/1347/1853 846/1288/1854
f 846/1288/1854 884/1347/1853 882/1348/1855 848/1290/1856
f 848/1290/1856 882/1348/1855 880/1349/1857 850/1292/1858
f 850/1292/1858 880/1349/1857 878/1350/1859 852/1294/1860
f 852/1294/1860 878/1350/1859 876/1351/1861 854/1296/1862
f 854/1296/1862 876/1351/1861 874/1352/1863 856/1298/1864
f 856/1298/1864 874/1352/1863 872/1353/1865 858/1300/1866
f 858/1300/1866 872/1353/1865 870/1354/1867 860/1302/1868
f 860/1302/1868 870/1354/1867 868/1355/1869 862/1304/1870
f 862/1304/1870 868/1355/1869 866/1356/1871 864/1306/1872
s 4
f 895/1357/1873 833/1275/1874 835/1277/1875 893/1358/1876
f 893/1358/1876 835/1277/1875 837/1279/1877 891/1359/1878
f 891/1359/1878 837/1279/1877 839/1281/1879 889/1360/1880
f 889/1360/1880 839/1281/1879 841/1283/1881 887/1361/1882
f 887/1361/1882 841/1283/1881 843/1285/1883 885/1362/1884
f 885/1362/1884 843/1285/1883 845/1287/1885 883/1363/1886
f 883/1363/1886 845/1287/1885 847/1289/1887 881/1364/1888
f 881/1364/1888 847/1289/1887 849/1291/1889 879/1365/1890
f 879/1365/1890 849/1291/1889 851/1293/1891 877/1366/1892
f 877/1366/1892 851/1293/1891 853/1295/1893 875/1367/1894
f 875/1367/1894 853/1295/1893 855/1297/1895 873/1368/1896
f 873/1368/1896 855/1297/1895 857/1299/1897 871/1369/1898
f 871/1369/1898 857/1299/1897 859/1301/1899 869/1370/1900
f 869/1370/1900 859/1301/1899 861/1303/1901 867/1371/1902
f 867/1371/1902 861/1303/1901 863/1305/1903 865/1372/1904
